EstacaoCodigo;NivelConsistencia;Data;TipoMedicaoChuvas;Maxima;Total;DiaMaxima;NumDiasDeChuva;MaximaStatus;TotalStatus;NumDiasDeChuvaStatus;TotalAnual;TotalAnualStatus;Chuva01;Chuva02;Chuva03;Chuva04;Chuva05;Chuva06;Chuva07;Chuva08;Chuva09;Chuva10;Chuva11;Chuva12;Chuva13;Chuva14;Chuva15;Chuva16;Chuva17;Chuva18;Chuva19;Chuva20;Chuva21;Chuva22;Chuva23;Chuva24;Chuva25;Chuva26;Chuva27;Chuva28;Chuva29;Chuva30;Chuva31;Chuva01Status;Chuva02Status;Chuva03Status;Chuva04Status;Chuva05Status;Chuva06Status;Chuva07Status;Chuva08Status;Chuva09Status;Chuva10Status;Chuva11Status;Chuva12Status;Chuva13Status;Chuva14Status;Chuva15Status;Chuva16Status;Chuva17Status;Chuva18Status;Chuva19Status;Chuva20Status;Chuva21Status;Chuva22Status;Chuva23Status;Chuva24Status;Chuva25Status;Chuva26Status;Chuva27Status;Chuva28Status;Chuva29Status;Chuva30Status;Chuva31Status
2249039;1;01/08/1982;1;;;;;0;0;0;;0;;;;;;;0,0;3,6;0,0;;5,9;0,0;0,0;0,0;0,0;0,0;0,0;0,0;1,0;0,0;;0,0;6,6;0,0;0,0;0,0;0,0;0,0;0,0;0,0;0,0;0;0;0;0;0;0;0;0;0;0;0;0;0;0;0;0;0;0;0;0;0;0;0;0;0;0;0;0;0;0;0;
2249039;1;01/07/1982;1;;;;;0;0;0;;0;;0,0;0,0;0,0;0,0;;0,0;0,0;0,0;0,0;0,0;0,0;;;0,0;;;;15,4;;0,0;;0,0;0,0;0,0;0,0;0,0;0,0;0,0;2,4;0,0;0;0;0;0;0;0;0;0;0;0;0;0;0;0;0;0;0;0;0;0;0;0;0;0;0;0;0;0;0;0;0;
2249039;1;01/06/1982;1;;;;;0;0;0;;0;0,0;0,0;;0,0;0,2;0,0;0,0;;0,0;0,0;8,3;58,6;21,0;;0,0;;0,0;0,0;0,0;;;4,7;6,0;0,0;;2,7;0,0;0,0;;0,0;;0;0;0;0;0;0;0;0;0;0;0;0;0;0;0;0;0;0;0;0;0;0;0;0;0;0;0;0;0;0;0;
2249039;1;01/05/1982;1;;;;;0;0;0;;0;0,0;0,0;0,0;0,0;0,0;0,0;0,0;0,0;0,0;0,0;0,0;0,0;0,0;0,0;0,0;0,0;0,0;0,0;;12,0;0,0;0,0;4,3;;40,4;2,6;0,0;0,0;;0,0;6,2;0;0;0;0;0;0;0;0;0;0;0;0;0;0;0;0;0;0;0;0;0;0;0;0;0;0;0;0;0;0;0;
2249039;1;01/04/1982;1;;;;;0;0;0;;0;0,0;0,0;0,0;0,0;;0,0;0,0;;0,0;;;;33,4;0,0;31,6;0,0;0,0;;0,0;;0,0;0,0;0,0;0,0;0,0;0,0;0,0;0,0;0,0;0,0;;0;0;0;0;0;0;0;0;0;0;0;0;0;0;0;0;0;0;0;0;0;0;0;0;0;0;0;0;0;0;0;
2249039;1;01/03/1982;1;;;;;0;0;0;;0;;28,2;0,0;0,0;0,0;0,0;0,0;0,0;;16,6;42,0;41,7;;;21,4;41,9;;17,1;23,6;0,0;0,0;25,3;1,2;;0,2;3,2;0,0;0,0;0,0;1,0;;0;0;0;0;0;0;0;0;0;0;0;0;0;0;0;0;0;0;0;0;0;0;0;0;0;0;0;0;0;0;0;
2249039;1;01/02/1982;1;;;;;0;0;0;;0;;5,6;3,1;0,0;8,8;10,6;2,2;;5,6;0,0;0,0;0,0;0,0;0,0;0,0;0,0;1,6;;2,1;0,0;0,0;0,0;2,9;46,0;22,6;0,0;2,9;27,7;;;;0;0;0;0;0;0;0;0;0;0;0;0;0;0;0;0;0;0;0;0;0;0;0;0;0;0;0;0;0;0;0;
2249039;1;01/01/1982;1;;;;;0;0;0;;0;0,0;15,7;;0,0;0,0;0,0;0,0;;0,9;38,0;42,4;;0,0;0,0;0,0;;;0,0;0,0;;0,5;0,0;17,3;0,0;;0,0;0,5;;10,4;41,0;0,3;0;0;0;0;0;0;0;0;0;0;0;0;0;0;0;0;0;0;0;0;0;0;0;0;0;0;0;0;0;0;0;
2249039;1;01/12/1981;1;;;;;0;0;0;;0;0,8;0,0;0,0;0,0;;;4,0;4,0;;20,2;;0,0;;7,4;0,0;0,4;0,9;0,0;0,0;0,0;0,0;;;;86,0;0,0;0,0;;0,0;;0,0;0;0;0;0;0;0;0;0;0;0;0;0;0;0;0;0;0;0;0;0;0;0;0;0;0;0;0;0;0;0;0;
2249039;1;01/11/1981;1;;;;;0;0;0;;0;3,0;0,0;4,6;2,6;0,0;0,0;0,0;27,0;;5,9;0,0;0,0;0,0;;0,0;0,0;12,4;0,0;31,0;50,6;0,4;0,0;0,0;0,0;0,0;0,0;0,0;0,0;0,0;0,9;;0;0;0;0;0;0;0;0;0;0;0;0;0;0;0;0;0;0;0;0;0;0;0;0;0;0;0;0;0;0;0;
2249039;1;01/10/1981;1;;;;;0;0;0;;0;0,0;0,0;0,0;0,0;;18,9;37,2;0,6;1,7;;15,6;0,0;17,6;0,0;0,0;;0,0;0,0;;45,3;0,0;0,0;0,0;0,0;0,0;2,6;19,4;15,6;0,6;11,2;0,0;0;0;0;0;0;0;0;0;0;0;0;0;0;0;0;0;0;0;0;0;0;0;0;0;0;0;0;0;0;0;0;
2249039;1;01/09/1981;1;;;;;0;0;0;;0;0,0;0,0;0,0;0,3;0,0;0,0;;0,0;0,0;0,0;0,0;0,0;0,0;;;0,0;0,0;0,0;0,0;0,0;;0,0;0,0;0,0;0,0;11,8;0,0;0,0;;;;0;0;0;0;0;0;0;0;0;0;0;0;0;0;0;0;0;0;0;0;0;0;0;0;0;0;0;0;0;0;0;
2249039;1;01/08/1981;1;;;;;0;0;0;;0;0,0;0,0;0,0;0,0;0,0;0,0;0,0;0,0;;1,0;0,0;2,0;0,0;0,0;0,0;0,0;;4,0;24,6;0,0;0,0;0,0;0,0;0,0;0,0;;0,0;0,0;0,0;0,0;0,0;0;0;0;0;0;0;0;0;0;0;0;0;0;0;0;0;0;0;0;0;0;0;0;0;0;0;0;0;0;0;0;
2249039;1;01/07/1981;1;;;;;0;0;0;;0;0,0;0,0;1,7;0,0;0,0;0,0;0,0;0,0;0,0;0,0;0,0;0,0;0,0;0,0;0,0;;0,0;0,2;;;;;;;3,0;0,0;0,0;0,0;0,0;0,0;0,0;0;0;0;0;0;0;0;0;0;0;0;0;0;0;0;0;0;0;0;0;0;0;0;0;0;0;0;0;0;0;0;
2249039;1;01/06/1981;1;;;;;0;0;0;;0;0,0;0,0;0,0;0,0;0,0;16,6;46,0;0,6;0,0;0,0;0,0;0,0;0,0;0,0;0,0;;14,6;;0,0;0,0;0,0;0,0;;0,0;0,0;0,0;0,0;0,0;0,0;0,0;;0;0;0;0;0;0;0;0;0;0;0;0;0;0;0;0;0;0;0;0;0;0;0;0;0;0;0;0;0;0;0;
2249039;1;01/05/1981;1;;;;;0;0;0;;0;0,0;0,0;0,0;0,0;1,9;0,0;;0,0;;0,0;0,0;0,0;0,0;0,0;0,0;0,0;0,0;0,0;0,2;0,0;0,0;0,0;0,0;0,0;0,0;0,0;0,0;;0,0;0,0;0,0;0;0;0;0;0;0;0;0;0;0;0;0;0;0;0;0;0;0;0;0;0;0;0;0;0;0;0;0;0;0;0;
2249039;1;01/04/1981;1;;;;;0;0;0;;0;0,0;;0,0;0,0;0,0;0,0;0,0;0,0;0,0;0,0;0,0;0,0;0,0;0,0;0,0;;0,0;0,0;0,0;0,0;0,0;0,0;0,0;13,3;0,0;11,2;0,0;41,2;0,0;0,0;;0;0;0;0;0;0;0;0;0;0;0;0;0;0;0;0;0;0;0;0;0;0;0;0;0;0;0;0;0;0;0;
2249039;1;01/03/1981;1;;;;;0;0;0;;0;0,0;0,0;0,0;2,2;1,4;0,7;0,5;7,8;7,0;0,0;0,0;0,0;0,0;0,0;0,0;0,0;2,2;4,0;0,0;0,0;0,0;0,0;0,0;0,0;0,0;0,0;;7,2;9,8;11,9;0,0;0;0;0;0;0;0;0;0;0;0;0;0;0;0;0;0;0;0;0;0;0;0;0;0;0;0;0;0;0;0;0;
2249039;1;01/02/1981;1;;;;;0;0;0;;0;0,1;0,0;0,0;0,0;0,0;0,0;0,1;;13,8;0,0;0,0;;20,2;0,0;0,0;0,0;1,7;0,0;0,0;1,4;29,1;9,7;1,2;0,0;;2,1;0,0;0,0;;;;0;0;0;0;0;0;0;0;0;0;0;0;0;0;0;0;0;0;0;0;0;0;0;0;0;0;0;0;0;0;0;
2249039;1;01/01/1981;1;;;;;0;0;0;;0;0,0;0,0;1,9;0,9;10,0;;2,0;24,7;0,0;19,6;7,0;;9,0;6,6;14,6;0,0;0,0;0,0;0,0;0,0;;30,7;0,0;0,0;0,0;;0,1;0,0;0,0;0,0;0,0;0;0;0;0;0;0;0;0;0;0;0;0;0;0;0;0;0;0;0;0;0;0;0;0;0;0;0;0;0;0;0;
2249039;1;01/12/1980;1;;;;;0;0;0;;0;22,7;64,7;0,0;11,4;10,6;13,7;;7,9;0,0;0,0;0,0;26,8;27,2;5,2;0,0;0,0;0,0;0,0;0,0;0,0;14,2;;1,3;0,8;0,0;12,6;0,0;17,8;23,0;4,0;20,8;0;0;0;0;0;0;0;0;0;0;0;0;0;0;0;0;0;0;0;0;0;0;0;0;0;0;0;0;0;0;0;
2249039;1;01/11/1980;1;;;;;0;0;0;;0;0,0;0,0;0,0;;0,0;0,0;;25,0;8,7;0,0;0,0;0,0;0,0;0,0;0,0;0,0;0,0;0,0;0,0;0,0;0,0;0,0;3,6;28,8;4,2;0,0;0,0;0,0;29,3;16,2;;0;0;0;0;0;0;0;0;0;0;0;0;0;0;0;0;0;0;0;0;0;0;0;0;0;0;0;0;0;0;0;
2249039;1;01/10/1980;1;;;;;0;0;0;;0;0,0;0,0;0,0;0,0;0,0;0,0;0,0;3,2;;0,7;9,6;30,0;0,0;0,0;0,0;0,0;;0,0;0,0;0,0;0,0;0,0;;0,0;;0,0;;0,0;0,0;0,0;1,7;0;0;0;0;0;0;0;0;0;0;0;0;0;0;0;0;0;0;0;0;0;0;0;0;0;0;0;0;0;0;0;
2249039;1;01/09/1980;1;;;;;0;0;0;;0;0,0;0,0;0,0;0,0;0,0;0,0;0,0;;5,0;2,6;0,0;0,0;2,6;2,0;1,8;0,8;0,0;14,2;;4,6;3,3;;0,0;0,0;0,0;0,0;0,0;11,2;0,0;0,0;;0;0;0;0;0;0;0;0;0;0;0;0;0;0;0;0;0;0;0;0;0;0;0;0;0;0;0;0;0;0;0;
2249039;1;01/08/1980;1;;;;;0;0;0;;0;0,0;0,0;0,0;0,0;0,0;15,4;0,5;;0,2;0,0;0,0;;0,0;0,0;0,0;0,2;0,0;0,0;0,0;0,0;0,0;0,0;9,4;0,5;;0,0;0,0;;0,0;0,0;0,0;0;0;0;0;0;0;0;0;0;0;0;0;0;0;0;0;0;0;0;0;0;0;0;0;0;0;0;0;0;0;0;
2249039;1;01/07/1980;1;;;;;0;0;0;;0;0,0;0,0;0,0;0,0;0,0;0,0;0,0;0,0;0,0;0,0;0,0;0,0;0,0;0,0;0,0;0,0;0,0;0,0;0,0;0,0;0,0;;0,0;0,0;;0,0;0,0;0,2;0,0;0,0;;0;0;0;0;0;0;0;0;0;0;0;0;0;0;0;0;0;0;0;0;0;0;0;0;0;0;0;0;0;0;0;
2249039;1;01/06/1980;1;;;;;0;0;0;;0;0,0;0,0;5,2;0,0;0,0;0,0;0,0;;0,0;0,0;0,0;;;1,6;0,0;0,0;0,0;0,0;0,0;0,0;0,0;0,0;;0,0;;51,0;;0,0;;0,0;;0;0;0;0;0;0;0;0;0;0;0;0;0;0;0;0;0;0;0;0;0;0;0;0;0;0;0;0;0;0;0;
2249039;1;01/05/1980;1;;;;;0;0;0;;0;0,0;;;0,0;;;;0,0;0,0;0,0;16,4;;0,0;0,0;;0,0;0,0;0,0;0,0;0,0;0,0;11,4;0,0;0,0;0,0;0,0;0,0;0,0;0,0;0,0;0,0;0;0;0;0;0;0;0;0;0;0;0;0;0;0;0;0;0;0;0;0;0;0;0;0;0;0;0;0;0;0;0;
2249039;1;01/04/1980;1;;;;;0;0;0;;0;0,0;;61,6;12,1;15,0;7,2;;0,0;0,4;1,6;0,2;1,4;0,0;;;0,7;0,0;0,0;0,0;0,0;0,0;0,0;0,0;0,0;0,0;;0,0;0,0;0,0;0,0;;0;0;0;0;0;0;0;0;0;0;0;0;0;0;0;0;0;0;0;0;0;0;0;0;0;0;0;0;0;0;0;
2249039;1;01/03/1980;1;;;;;0;0;0;;0;4,7;0,0;0,0;0,0;0,4;0,0;0,0;0,0;0,0;0,0;0,0;0,0;1,7;10,7;0,0;14,6;1,4;;0,4;0,0;0,0;0,0;0,0;0,0;0,0;0,0;0,0;0,0;0,0;0,7;0,0;0;0;0;0;0;0;0;0;0;0;0;0;0;0;0;0;0;0;0;0;0;0;0;0;0;0;0;0;0;0;0;
2249039;1;01/02/1980;1;94,0;416,3;12;17;1;1;1;;0;2,0;0,0;0,0;0,0;0,0;0,0;0,0;4,7;0,0;41,8;25,7;94,0;13,6;0,7;0,6;9,7;10,0;75,6;0,0;0,0;0,0;0,0;0,0;60,0;0,4;7,3;30,4;4,8;35,0;;;0;0;0;0;0;0;0;0;0;0;0;0;0;0;0;0;0;0;0;0;0;0;0;0;0;0;0;0;0;0;0;
2249039;1;01/01/1980;1;;;;;0;0;0;;0;14,3;0,0;0,0;0,0;0,0;1,0;28,0;15,6;2,2;;;0,0;0,0;0,0;0,0;0,0;0,0;3,7;2,0;;2,8;0,5;0,7;0,2;20,6;47,6;7,2;0,0;0,0;0,0;0,0;0;0;0;0;0;0;0;0;0;0;0;0;0;0;0;0;0;0;0;0;0;0;0;0;0;0;0;0;0;0;0;
2249039;1;01/12/1979;1;;;;;0;0;0;;0;0,0;3,0;19,0;;;0,0;0,0;0,0;0,0;0,3;1,0;23,8;1,7;;;9,7;;0,0;0,0;55,0;2,1;19,9;26,4;5,0;8,6;9,0;3,0;0,0;0,0;0,0;0,0;0;0;0;0;0;0;0;0;0;0;0;0;0;0;0;0;0;0;0;0;0;0;0;0;0;0;0;0;0;0;0;
2249039;1;01/11/1979;1;;;;;0;0;0;;0;0,0;10,0;23,4;0,0;0,0;0,0;0,3;10,3;;6,9;;0,0;0,0;0,0;4,8;0,0;0,0;;;0,0;0,0;0,0;;0,0;;17,7;0,0;0,0;0,0;0,0;;0;0;0;0;0;0;0;0;0;0;0;0;0;0;0;0;0;0;0;0;0;0;0;0;0;0;0;0;0;0;0;
2249039;1;01/10/1979;1;;;;;0;0;0;;0;22,6;0,0;0,5;0,0;0,0;0,0;4,0;14,6;7,2;;0,0;0,0;0,0;10,6;10,4;0,0;0,0;0,0;0,0;0,0;0,0;0,0;0,0;0,0;0,0;5,6;5,9;0,0;0,1;;27,0;0;0;0;0;0;0;0;0;0;0;0;0;0;0;0;0;0;0;0;0;0;0;0;0;0;0;0;0;0;0;0;
2249039;1;01/09/1979;1;;;;;0;0;0;;0;0,0;;11,3;0,2;0,0;0,0;0,0;0,0;0,0;1,1;19,0;;0,0;20,4;8,0;15,6;;11,1;0,0;0,0;0,0;0,0;21,2;;0,0;0,0;0,0;0,0;0,0;0,0;;0;0;0;0;0;0;0;0;0;0;0;0;0;0;0;0;0;0;0;0;0;0;0;0;0;0;0;0;0;0;0;
2249039;1;01/08/1979;1;;;;;0;0;0;;0;0,0;0,0;0,0;;0,0;0,0;0,0;0,0;0,0;0,0;0,0;;;0,0;0,0;0,0;0,0;32,6;30,4;;1,0;;0,0;;0,0;;7,6;;0,0;;;0;0;0;0;0;0;0;0;0;0;0;0;0;0;0;0;0;0;0;0;0;0;0;0;0;0;0;0;0;0;0;
2249039;1;01/07/1979;1;;;;;0;0;0;;0;0,0;0,0;4,6;;0,0;;0,0;0,0;;9,4;0,0;;;0,0;;;;0,0;;;;0,0;;0,0;0,3;28,4;1,1;;0,0;;0,0;0;0;0;0;0;0;0;0;0;0;0;0;0;0;0;0;0;0;0;0;0;0;0;0;0;0;0;0;0;0;0;
2249039;1;01/06/1979;1;;;;;0;0;0;;0;;;0,0;;;0,0;;;0,0;;;0,0;;;0,0;;0,0;0,0;0,0;0,0;0,0;;0,0;0,0;0,0;;0,0;0,0;0,0;0,0;;0;0;0;0;0;0;0;0;0;0;0;0;0;0;0;0;0;0;0;0;0;0;0;0;0;0;0;0;0;0;0;
2249039;1;01/05/1979;1;;;;;0;0;0;;0;0,0;0,0;;86,6;13,0;;;0,4;0,3;0,0;;0,0;0,0;;;0,0;0,0;0,0;0,0;0,0;0,0;0,0;0,0;0,0;0,0;0,0;0,0;0,0;4,0;;;0;0;0;0;0;0;0;0;0;0;0;0;0;0;0;0;0;0;0;0;0;0;0;0;0;0;0;0;0;0;0;
2249039;1;01/04/1979;1;;;;;0;0;0;;0;0,0;;0,0;14,6;;1,2;;0,0;;0,0;0,0;0,0;0,0;;0,0;0,0;0,0;0,0;1,0;0,0;0,0;0,0;0,0;0,0;0,0;;;1,6;2,6;33,1;;0;0;0;0;0;0;0;0;0;0;0;0;0;0;0;0;0;0;0;0;0;0;0;0;0;0;0;0;0;0;0;
2249039;1;01/03/1979;1;;;;;0;0;0;;0;0,0;0,0;;;;;7,8;13,2;4,1;0,0;;0,7;6,3;;0,0;0,0;0,0;0,0;0,0;0,0;0,0;0,0;0,0;16,1;0,0;0,0;0,0;0,0;0,0;0,0;;0;0;0;0;0;0;0;0;0;0;0;0;0;0;0;0;0;0;0;0;0;0;0;0;0;0;0;0;0;0;0;
2249039;1;01/02/1979;1;;;;;0;0;0;;0;0,0;0,0;0,0;0,0;0,0;0,0;0,0;0,0;0,0;18,0;6,5;;;9,2;1,2;0,0;0,0;0,1;0,0;0,0;0,0;0,0;1,8;1,3;0,0;0,0;0,0;0,0;;;;0;0;0;0;0;0;0;0;0;0;0;0;0;0;0;0;0;0;0;0;0;0;0;0;0;0;0;0;0;0;0;
2249039;1;01/01/1979;1;;;;;0;0;0;;0;3,4;;15,0;2,3;0,5;0,0;0,0;0,0;0,0;0,0;;2,6;0,1;0,0;0,0;0,0;0,0;0,0;0,0;0,0;1,2;0,0;0,0;0,0;0,0;0,1;9,6;4,9;90,4;0,6;0,0;0;0;0;0;0;0;0;0;0;0;0;0;0;0;0;0;0;0;0;0;0;0;0;0;0;0;0;0;0;0;0;
2249039;1;01/12/1978;1;53,4;173,8;27;15;1;1;1;;0;0,0;0,0;0,2;0,0;0,0;3,0;2,9;34,6;23,4;0,0;0,0;0,0;0,0;0,0;2,2;1,3;17,8;9,0;0,0;0,0;0,0;0,0;0,0;0,0;11,0;10,8;53,4;3,2;0,6;0,4;0,0;0;0;0;0;0;0;0;0;0;0;0;0;0;0;0;0;0;0;0;0;0;0;0;0;0;0;0;0;0;0;0;
2249039;1;01/11/1978;1;52,9;188,8;5;11;1;1;1;;0;0,8;0,0;0,0;8,6;52,9;3,2;0,0;0,0;0,0;0,0;38,4;39,8;0,0;0,0;0,0;2,6;11,2;0,0;0,0;0,0;0,0;0,0;0,0;2,3;0,0;0,0;2,4;26,6;0,0;0,0;;0;0;0;0;0;0;0;0;0;0;0;0;0;0;0;0;0;0;0;0;0;0;0;0;0;0;0;0;0;0;0;
2249039;1;01/10/1978;1;37,6;99,2;19;10;1;1;1;;0;0,0;0,0;0,5;0,0;0,0;0,0;0,0;0,0;0,0;0,0;26,0;0,0;0,0;3,1;0,4;0,0;5,0;0,0;37,6;0,0;0,0;0,0;0,0;0,0;0,0;0,0;0,0;16,8;1,0;0,8;8,0;0;0;0;0;0;0;0;0;0;0;0;0;0;0;0;0;0;0;0;0;0;0;0;0;0;0;0;0;0;0;0;
2249039;1;01/09/1978;1;25,2;84,4;15;7;1;1;1;;0;7,8;0,0;0,0;0,0;17,0;17,4;0,0;13,0;0,0;0,0;0,0;0,0;0,0;0,0;25,2;0,0;2,2;0,0;0,0;0,0;0,0;1,8;0,0;0,0;0,0;0,0;0,0;0,0;0,0;0,0;;0;0;0;0;0;0;0;0;0;0;0;0;0;0;0;0;0;0;0;0;0;0;0;0;0;0;0;0;0;0;0;
2249039;1;01/08/1978;1;1,7;2,0;14;2;1;1;1;;0;0,0;0,0;0,0;0,0;0,0;0,0;0,0;0,0;0,0;0,0;0,0;0,0;0,3;1,7;0,0;0,0;0,0;0,0;0,0;0,0;0,0;0,0;0,0;0,0;0,0;0,0;0,0;0,0;0,0;0,0;0,0;0;0;0;0;0;0;0;0;0;0;0;0;0;0;0;0;0;0;0;0;0;0;0;0;0;0;0;0;0;0;0;
2249039;1;01/07/1978;1;55,0;159,0;16;8;1;1;1;;0;0,0;0,0;0,0;0,0;0,0;0,0;0,0;0,0;1,2;0,0;0,0;0,0;0,0;0,0;0,0;55,0;0,0;17,8;0,0;18,2;20,2;3,6;0,3;0,0;42,7;0,0;0,0;0,0;0,0;0,0;0,0;0;0;0;0;0;0;0;0;0;0;0;0;0;0;0;0;0;0;0;0;0;0;0;0;0;0;0;0;0;0;0;
2249039;1;01/06/1978;1;21,1;21,1;9;1;1;1;1;;0;0,0;0,0;0,0;0,0;0,0;0,0;0,0;0,0;21,1;0,0;0,0;0,0;0,0;0,0;0,0;0,0;0,0;0,0;0,0;0,0;0,0;0,0;0,0;0,0;0,0;0,0;0,0;0,0;0,0;0,0;;0;0;0;0;0;0;0;0;0;0;0;0;0;0;0;0;0;0;0;0;0;0;0;0;0;0;0;0;0;0;0;
2249039;1;01/05/1978;1;64,8;139,1;17;8;1;1;1;;0;0,0;0,0;0,0;0,0;0,0;0,0;0,0;0,0;0,0;0,0;0,0;0,0;0,0;0,0;0,0;10,2;64,8;19,6;1,7;0,0;36,0;0,0;0,4;0,0;0,0;0,0;0,0;0,0;0,0;3,8;2,6;0;0;0;0;0;0;0;0;0;0;0;0;0;0;0;0;0;0;0;0;0;0;0;0;0;0;0;0;0;0;0;
2249039;1;01/04/1978;1;27,4;27,4;2;1;1;1;1;;0;0,0;27,4;0,0;0,0;0,0;0,0;0,0;0,0;0,0;0,0;0,0;0,0;0,0;0,0;0,0;0,0;0,0;0,0;0,0;0,0;0,0;0,0;0,0;0,0;0,0;0,0;0,0;0,0;0,0;0,0;;0;0;0;0;0;0;0;0;0;0;0;0;0;0;0;0;0;0;0;0;0;0;0;0;0;0;0;0;0;0;0;
2249039;1;01/03/1978;1;35,6;189,4;3;13;1;1;1;;0;2,4;0,0;35,6;30,2;0,3;0,0;0,0;9,3;17,4;29,6;34,3;0,0;0,0;0,7;0,0;0,0;0,0;0,0;0,0;0,0;0,0;0,0;0,0;0,0;0,0;0,6;17,6;0,0;8,8;2,6;0,0;0;0;0;0;0;0;0;0;0;0;0;0;0;0;0;0;0;0;0;0;0;0;0;0;0;0;0;0;0;0;0;
2249039;1;01/02/1978;1;47,3;119,7;22;12;1;1;1;;0;0,0;0,0;0,0;0,0;1,1;24,7;6,6;0,0;0,0;0,0;0,0;11,8;0,0;0,0;0,0;0,4;9,0;5,8;0,0;0,0;0,0;47,3;1,8;2,0;0,0;0,0;0,2;9,0;;;;0;0;0;0;0;0;0;0;0;0;0;0;0;0;0;0;0;0;0;0;0;0;0;0;0;0;0;0;0;0;0;
2249039;1;01/01/1978;1;40,7;95,5;10;18;1;1;1;;0;17,8;0,5;0,7;0,0;0,0;0,0;1,0;1,0;0,7;40,7;2,8;0,6;0,2;16,7;1,1;0,0;0,5;1,2;0,0;0,0;0,0;0,2;0,0;1,7;0,0;0,0;2,7;0,0;0,0;0,0;5,4;0;0;0;0;0;0;0;0;0;0;0;0;0;0;0;0;0;0;0;0;0;0;0;0;0;0;0;0;0;0;0;
2249039;1;01/12/1977;1;109,0;406,8;2;15;1;1;1;;0;9,8;109,0;105,4;30,6;29,2;6,0;5,8;9,2;0,0;0,5;10,0;0,0;0,0;0,0;0,0;0,0;0,0;0,0;39,0;2,2;6,3;15,6;28,2;0,0;0,0;0,0;0,0;0,0;0,0;0,0;0,0;0;0;0;0;0;0;0;0;0;0;0;0;0;0;0;0;0;0;0;0;0;0;0;0;0;0;0;0;0;0;0;
2249039;1;01/11/1977;1;43,7;114,7;2;16;1;1;1;;0;0,0;43,7;0,0;0,0;0,0;0,0;2,2;0,0;0,0;0,0;0,6;13,4;2,4;0,0;20,8;0,0;1,7;0,0;12,2;5,2;0,6;0,0;3,0;4,0;2,1;0,4;0,0;2,3;0,0;0,1;;0;0;0;0;0;0;0;0;0;0;0;0;0;0;0;0;0;0;0;0;0;0;0;0;0;0;0;0;0;0;0;
2249039;1;01/10/1977;1;25,7;106,1;2;6;1;1;1;;0;25,7;0,0;0,0;0,0;0,0;0,0;0,0;0,0;0,0;0,0;0,0;0,0;2,6;0,0;0,0;0,0;17,7;0,0;0,0;0,0;0,0;0,0;0,0;16,0;0,0;0,0;25,7;18,4;0,0;0,0;0,0;1;1;1;1;1;1;1;1;1;1;1;1;1;1;1;1;1;1;0;0;0;0;0;0;0;0;0;0;0;0;0;
2249039;1;01/09/1977;1;21,7;53,8;7;10;1;1;0;;0;2,5;0,0;0,0;0,0;0,0;12,4;21,7;0,1;0,0;0,0;0,0;0,0;0,0;0,0;0,0;0,0;0,5;7,6;0,0;1,7;0,0;0,0;4,8;0,1;0,0;0,0;0,0;0,0;2,4;0,0;;1;1;1;1;1;1;1;1;1;1;1;1;1;1;1;1;1;1;1;1;1;1;1;1;1;1;1;1;1;1;0;
2249039;1;01/08/1977;1;4,0;7,2;30;2;1;1;0;;0;0,0;0,0;0,0;0,0;0,0;0,0;0,0;0,0;0,0;0,0;0,0;0,0;0,0;0,0;0,0;0,0;0,0;0,0;0,0;0,0;0,0;0,0;0,0;0,0;0,0;0,0;0,0;0,0;0,0;4,0;3,2;1;1;1;1;1;1;1;1;1;1;1;1;1;1;1;1;1;1;1;1;1;1;1;1;1;1;1;1;1;1;1;
2249039;1;01/07/1977;1;8,0;21,6;24;5;1;1;0;;0;0,0;0,0;0,0;0,0;0,0;0,0;0,0;0,0;0,0;0,0;0,0;0,0;0,0;0,0;0,0;0,0;1,3;0,0;0,0;0,0;0,0;5,1;4,8;8,0;2,4;0,0;0,0;0,0;0,0;0,0;0,0;1;1;1;1;1;1;1;1;1;1;1;1;1;1;1;1;1;1;1;1;1;1;1;1;1;1;1;1;1;1;1;
2249039;1;01/06/1977;1;22,4;46,8;4;10;1;1;0;;0;6,9;0,0;0,7;22,4;0,7;0,0;0,0;0,0;0,0;0,0;0,0;0,0;0,0;1,3;1,7;5,1;0,0;0,0;0,0;0,0;0,0;7,0;0,0;0,8;0,2;0,0;0,0;0,0;0,0;0,0;;1;1;1;1;1;1;1;1;1;1;1;1;1;1;1;1;1;1;1;1;1;1;1;1;1;1;1;1;1;1;0;
2249039;1;01/05/1977;1;3,2;3,5;1;3;1;1;0;;0;3,2;0,2;0,0;0,0;0,0;0,0;0,0;0,0;0,0;0,0;0,0;0,0;0,0;0,0;0,0;0,1;0,0;0,0;0,0;0,0;0,0;0,0;0,0;0,0;0,0;0,0;0,0;0,0;0,0;0,0;0,0;1;1;1;1;1;1;1;1;1;1;1;1;1;1;1;1;1;1;1;1;1;1;1;1;1;1;1;1;1;1;1;
2249039;1;01/04/1977;1;29,2;128,5;9;9;1;1;0;;0;18,6;0,0;0,5;0,0;0,0;0,0;0,0;27,5;29,2;8,4;0,0;0,0;0,0;0,0;0,0;0,0;3,0;23,1;0,0;16,2;0,0;0,0;2,0;0,0;0,0;0,0;0,0;0,0;0,0;0,0;;1;1;1;1;1;1;1;1;1;1;1;1;1;1;1;1;1;1;1;1;1;1;1;1;1;1;1;1;1;1;0;
2249039;1;01/03/1977;1;60,6;199,0;29;13;1;1;0;;0;0,0;0,0;20,2;16,7;0,0;0,0;0,3;0,0;0,0;0,0;0,0;0,0;0,0;12,6;0,0;6,8;0,0;0,0;0,0;16,0;11,9;0,0;1,0;0,0;0,0;0,0;7,5;6,4;60,6;30,1;8,9;1;1;1;1;1;1;1;1;1;1;1;1;1;1;1;1;1;1;1;1;1;1;1;1;1;1;1;1;1;1;1;
2249039;1;01/02/1977;1;38,7;112,6;24;10;1;1;0;;0;23,5;10,6;0,1;6,0;12,6;0,0;3,6;0,2;0,0;0,0;0,0;0,0;0,4;0,0;0,0;0,0;0,0;0,0;16,9;0,0;0,0;0,0;0,0;38,7;0,0;0,0;0,0;0,0;;;;1;1;1;1;1;1;1;1;1;1;1;1;1;1;1;1;1;1;1;1;1;1;1;1;1;1;1;1;0;0;0;
2249039;1;01/01/1977;1;52,8;298,6;19;20;1;1;0;;0;1,1;0,0;1,0;23,0;2,5;40,4;29,1;12,0;0,0;0,0;0,0;0,0;0,0;0,0;0,0;8,0;18,0;27,2;52,8;0,0;0,0;0,0;0,7;41,6;4,0;4,9;4,3;11,0;1,6;14,7;0,7;1;1;1;1;1;1;1;1;1;1;1;1;1;1;1;1;1;1;1;1;1;1;1;1;1;1;1;1;1;1;1;
2249039;1;01/12/1976;1;47,8;200,7;22;17;1;1;0;1784,59997558594;1;25,1;2,9;0,0;0,0;0,0;0,0;1,6;2,1;0,2;0,0;0,0;0,0;0,0;0,0;26,1;14,3;0,6;0,0;0,0;16,0;7,6;47,8;0,1;2,5;2,8;28,1;14,3;8,6;0,0;0,0;0,0;1;1;1;1;1;1;1;1;1;1;1;1;1;1;1;1;1;1;1;1;1;1;1;1;1;1;1;1;1;1;1;
2249039;1;01/11/1976;1;34,0;126,6;1;10;1;1;0;1784,59997558594;1;34,0;0,0;0,0;10,3;26,5;1,8;0,0;0,0;0,0;0,0;0,0;0,0;0,8;0,0;0,0;11,1;0,0;0,0;0,0;13,4;12,3;0,0;0,0;0,0;0,0;16,0;0,4;0,0;0,0;0,0;;1;1;1;1;1;1;1;1;1;1;1;1;1;1;1;1;1;1;1;1;1;1;1;1;1;1;1;1;1;1;0;
2249039;1;01/10/1976;1;53,3;152,0;9;9;1;1;0;1784,59997558594;1;0,0;0,0;0,0;0,0;18,8;0,0;0,0;0,3;53,3;0,0;0,0;0,0;0,0;0,0;0,0;0,0;9,6;21,6;0,2;0,0;0,0;0,0;0,0;12,2;0,0;2,0;0,0;0,0;0,0;0,0;34,0;1;1;1;1;1;1;1;1;1;1;1;1;1;1;1;1;1;1;1;1;1;1;1;1;1;1;1;1;1;1;1;
2249039;1;01/09/1976;1;52,5;130,2;26;10;1;1;0;1784,59997558594;1;0,0;0,0;0,0;0,0;17,8;3,7;11,7;1,0;0,0;0,0;0,0;0,0;9,3;3,4;15,4;8,2;0,0;0,0;0,0;0,0;0,0;0,0;0,0;0,0;0,0;52,5;7,2;0,0;0,0;0,0;;1;1;1;1;1;1;1;1;1;1;1;1;1;1;1;1;1;1;1;1;1;1;1;1;1;1;1;1;1;1;0;
2249039;1;01/08/1976;1;18,4;98,5;19;11;1;1;0;1784,59997558594;1;0,0;0,0;0,0;0,0;0,9;3,3;0,0;0,0;0,7;17,6;11,3;13,6;14,2;13,4;0,0;0,0;0,0;3,4;18,4;1,7;0,0;0,0;0,0;0,0;0,0;0,0;0,0;0,0;0,0;0,0;0,0;1;1;1;1;1;1;1;1;1;1;1;1;1;1;1;1;1;1;1;1;1;1;1;1;1;1;1;1;1;1;1;
2249039;1;01/07/1976;1;34,0;86,0;3;8;1;1;0;1784,59997558594;1;8,2;12,7;34,0;1,6;0,0;0,0;0,7;12,0;16,4;0,4;0,0;0,0;0,0;0,0;0,0;0,0;0,0;0,0;0,0;0,0;0,0;0,0;0,0;0,0;0,0;0,0;0,0;0,0;0,0;0,0;0,0;1;1;1;1;1;1;1;1;1;1;1;1;1;1;1;1;1;1;1;1;1;1;1;1;1;1;1;1;1;1;1;
2249039;1;01/06/1976;1;62,9;67,9;6;2;1;1;0;1784,59997558594;1;0,0;0,0;0,0;0,0;5,0;62,9;0,0;0,0;0,0;0,0;0,0;0,0;0,0;0,0;0,0;0,0;0,0;0,0;0,0;0,0;0,0;0,0;0,0;0,0;0,0;0,0;0,0;0,0;0,0;0,0;;1;1;1;1;1;1;1;1;1;1;1;1;1;1;1;1;1;1;1;1;1;1;1;1;1;1;1;1;1;1;0;
2249039;1;01/05/1976;1;27,4;125,1;29;13;1;1;0;1784,59997558594;1;0,0;0,0;0,0;0,0;14,2;0,0;0,0;0,0;1,0;17,4;0,3;2,0;0,0;0,0;0,0;0,0;8,2;5,0;7,6;7,5;17,2;2,3;0,0;0,0;0,0;0,0;0,0;15,0;27,4;0,0;0,0;1;1;1;1;1;1;1;1;1;1;1;1;1;1;1;1;1;1;1;1;1;1;1;1;1;1;1;1;1;1;1;
2249039;1;01/04/1976;1;29,9;71,9;10;9;1;1;0;1784,59997558594;1;0,0;0,0;0,0;0,0;0,0;0,0;0,0;0,0;10,8;29,9;11,9;7,3;2,0;2,4;2,3;0,0;0,0;0,0;0,0;0,0;0,0;1,6;3,7;0,0;0,0;0,0;0,0;0,0;0,0;0,0;;1;1;1;1;1;1;1;1;1;1;1;1;1;1;1;1;1;1;1;1;1;1;1;1;1;1;1;1;1;1;0;
2249039;1;01/03/1976;1;61,8;197,1;3;13;1;1;0;1784,59997558594;1;16,5;2,6;61,8;0,0;0,0;0,0;0,0;6,2;0,0;0,0;18,0;0,0;3,2;0,0;0,0;12,8;1,4;17,0;0,0;18,7;27,7;0,0;0,0;0,0;0,0;10,1;1,1;0,0;0,0;0,0;0,0;1;1;1;1;1;1;1;1;1;1;1;1;1;1;1;1;1;1;1;1;1;1;1;1;1;1;1;1;1;1;1;
2249039;1;01/02/1976;1;45,6;245,4;16;21;1;1;0;1784,59997558594;1;17,4;28,2;1,7;7,4;11,4;33,2;5,5;7,0;1,3;0,0;0,0;0,0;0,0;0,0;0,0;45,6;0,0;14,6;6,7;0,3;12,9;9,4;2,6;4,6;0,0;1,3;14,3;13,0;7,0;;;1;1;1;1;1;1;1;1;1;1;1;1;1;1;1;1;1;1;1;1;1;1;1;1;1;1;1;1;1;0;0;
2249039;1;01/01/1976;1;73,8;283,2;26;22;1;1;0;1784,59997558594;1;1,0;21,1;8,7;19,6;1,8;0,6;23,7;5,8;0,0;6,9;13,0;4,6;0,0;0,0;13,7;1,3;0,0;0,0;0,0;0,7;2,9;0,0;9,8;5,6;4,4;73,8;41,0;1,0;0,0;0,0;22,2;1;1;1;1;1;1;1;1;1;1;1;1;1;1;1;1;1;1;1;1;1;1;1;1;1;1;1;1;1;1;1;
2249039;1;01/12/1975;1;32,3;197,2;24;19;1;1;0;1264,09997558594;1;31,4;0,4;9,2;5,4;0,0;0,0;0,0;0,0;19,2;0,0;1,4;12,2;10,3;1,5;0,0;0,0;1,5;3,0;0,0;0,0;0,0;14,4;1,4;32,3;11,9;0,0;10,0;0,0;3,2;2,6;25,9;1;1;1;1;1;1;1;1;1;1;1;1;1;1;1;1;1;1;1;1;1;1;1;1;1;1;1;1;1;1;1;
2249039;1;01/11/1975;1;171,3;318,1;30;16;1;1;0;1264,09997558594;1;14,1;8,6;0,0;0,0;0,0;14,0;3,3;0,0;0,0;5,3;5,0;0,0;0,0;0,0;0,0;0,0;2,7;3,0;4,0;8,0;25,3;0,0;0,0;3,2;5,8;17,8;0,0;0,0;26,7;171,3;;1;1;1;1;1;1;1;1;1;1;1;1;1;1;1;1;1;1;1;1;1;1;1;1;1;1;1;1;1;1;0;
2249039;1;01/10/1975;1;25,8;123,0;3;12;1;1;0;1264,09997558594;1;5,8;0,0;25,8;12,0;8,8;5,4;14,3;3,7;0,0;0,0;11,2;0,0;0,0;0,2;0,0;0,0;12,0;19,4;0,0;0,0;0,0;0,0;0,0;0,0;0,0;0,0;0,0;0,0;0,0;0,0;4,4;1;1;1;1;1;1;1;1;1;1;1;1;1;1;1;1;1;1;1;1;1;1;1;1;1;1;1;1;1;1;1;
2249039;1;01/09/1975;1;30,8;34,6;30;4;1;1;0;1264,09997558594;1;0,0;0,0;0,0;0,0;0,0;0,0;0,0;0,0;0,0;0,0;0,0;0,0;0,0;0,0;0,0;0,0;0,0;0,0;0,0;0,0;0,0;0,0;0,0;2,0;0,0;0,8;1,0;0,0;0,0;30,8;;1;1;1;1;1;1;1;1;1;1;1;1;1;1;1;1;1;1;1;1;1;1;1;1;1;1;1;1;1;1;0;
2249039;1;01/08/1975;1;0,0;0,0;1;0;1;1;1;1264,09997558594;1;0,0;0,0;0,0;0,0;0,0;0,0;0,0;0,0;0,0;0,0;0,0;0,0;0,0;0,0;0,0;0,0;0,0;0,0;0,0;0,0;0,0;0,0;0,0;0,0;0,0;0,0;0,0;0,0;0,0;0,0;0,0;1;1;1;1;1;1;1;1;1;1;1;1;1;1;1;1;1;1;1;1;1;1;1;1;1;1;1;1;1;1;1;
2249039;1;01/07/1975;1;13,7;33,6;3;3;1;1;0;1264,09997558594;1;0,0;0,0;13,7;0,0;6,7;0,0;0,0;0,0;0,0;0,0;0,0;0,0;0,0;0,0;0,0;0,0;13,2;0,0;0,0;0,0;0,0;0,0;0,0;0,0;0,0;0,0;0,0;0,0;0,0;0,0;0,0;1;1;1;1;1;1;1;1;1;1;1;1;1;1;1;1;1;1;1;1;1;1;1;1;1;1;1;1;1;1;1;
2249039;1;01/06/1975;1;5,4;6,1;2;2;1;1;0;1264,09997558594;1;0,0;5,4;0,0;0,0;0,0;0,0;0,0;0,0;0,0;0,0;0,0;0,0;0,0;0,0;0,0;0,0;0,0;0,0;0,0;0,0;0,0;0,0;0,7;0,0;0,0;0,0;0,0;0,0;0,0;0,0;;1;1;1;1;1;1;1;1;1;1;1;1;1;1;1;1;1;1;1;1;1;1;1;1;1;1;1;1;1;1;0;
2249039;1;01/05/1975;1;4,2;12,1;1;4;1;1;0;1264,09997558594;1;4,2;0,0;0,1;0,0;3,6;4,2;0,0;0,0;0,0;0,0;0,0;0,0;0,0;0,0;0,0;0,0;0,0;0,0;0,0;0,0;0,0;0,0;0,0;0,0;0,0;0,0;0,0;0,0;0,0;0,0;0,0;1;1;1;1;1;1;1;1;1;1;1;1;1;1;1;1;1;1;1;1;1;1;1;1;1;1;1;1;1;1;1;
2249039;1;01/04/1975;1;44,7;114,2;10;5;1;1;0;1264,09997558594;1;0,0;0,0;0,0;0,0;0,0;0,0;0,0;0,0;2,9;44,7;29,4;0,0;0,0;0,0;33,0;0,0;0,0;0,0;0,0;0,0;0,0;0,0;0,0;0,0;0,0;0,0;0,0;0,0;0,0;4,2;;1;1;1;1;1;1;1;1;1;1;1;1;1;1;1;1;1;1;1;1;1;1;1;1;1;1;1;1;1;1;0;
2249039;1;01/03/1975;1;44,4;138,9;9;11;1;1;0;1264,09997558594;1;0,0;0,0;0,2;0,0;0,0;0,0;0,0;0,0;44,4;0,0;0,0;0,0;0,0;0,0;7,7;0,1;0,0;0,0;0,0;29,2;0,0;4,3;0,0;1,4;20,3;0,0;0,0;0,0;0,1;27,6;3,6;1;1;1;1;1;1;1;1;1;1;1;1;1;1;1;1;1;1;1;1;1;1;1;1;1;1;1;1;1;1;1;
2249039;1;01/02/1975;1;19,6;146,6;26;19;1;1;0;1264,09997558594;1;7,6;14,8;15,5;0,2;5,6;6,5;9,4;7,4;7,2;17,7;0,0;0,0;0,0;0,0;0,0;0,0;0,0;4,0;0,0;0,8;4,3;3,0;19,0;3,0;0,0;19,6;0,9;0,1;;;;1;1;1;1;1;1;1;1;1;1;1;1;1;1;1;1;1;1;1;1;1;1;1;1;1;1;1;1;0;0;0;
2249039;1;01/01/1975;1;30,0;139,7;12;15;1;1;0;1264,09997558594;1;4,0;16,0;0,0;0,0;0,0;0,0;11,6;0,0;1,6;6,0;17,5;30,0;24,7;0,0;0,0;8,8;6,0;0,0;0,0;0,0;0,0;0,0;0,0;0,4;1,1;0,0;9,0;0,0;2,3;0,7;0,0;1;1;1;1;1;1;1;1;1;1;1;1;1;1;1;1;1;1;1;1;1;1;1;1;1;1;1;1;1;1;1;
2249039;1;01/12/1973;1;55,1;340,6;24;23;1;1;0;1263,90002441406;1;0,0;10,3;9,0;10,2;15,2;14,0;42,2;14,6;0,0;0,0;0,0;0,0;3,9;0,0;8,1;0,9;3,4;0,0;0,9;3,6;2,2;0,5;49,3;55,1;8,0;0,0;2,1;17,4;16,9;42,3;10,5;1;1;1;1;1;1;1;1;1;1;1;1;1;1;1;1;1;1;1;1;1;1;1;1;1;1;1;1;1;1;1;
2249039;1;01/11/1973;1;33,9;89,4;12;9;1;1;0;1263,90002441406;1;11,9;0,0;0,0;0,0;1,3;0,0;0,0;0,0;0,0;0,7;0,0;33,9;8,4;0,0;0,0;0,0;20,5;2,0;10,6;0,0;0,0;0,0;0,0;0,1;0,0;0,0;0,0;0,0;0,0;0,0;;1;1;1;1;1;1;1;1;1;1;1;1;1;1;1;1;1;1;1;1;1;1;1;1;1;1;1;1;1;1;0;
2249039;1;01/10/1973;1;26,1;121,5;30;10;1;1;0;1263,90002441406;1;0,0;0,0;0,0;0,0;0,0;19,1;2,3;13,6;0,2;15,1;25,4;0,0;0,0;0,0;0,0;0,0;0,0;14,7;0,0;0,0;0,0;0,0;0,0;1,0;0,0;0,0;0,0;0,0;0,0;26,1;4,0;1;1;1;1;1;1;1;1;1;1;1;1;1;1;1;1;1;1;1;1;1;1;1;1;1;1;1;1;1;1;1;
2249039;1;01/09/1973;1;39,3;68,1;2;10;1;1;0;1263,90002441406;1;3,6;39,3;0,0;0,0;0,0;0,0;8,8;0,0;0,8;6,5;0,0;0,0;0,0;0,0;0,0;0,0;0,0;0,0;0,0;0,0;0,0;0,5;0,0;0,0;1,6;2,7;1,7;2,6;0,0;0,0;;1;1;1;1;1;1;1;1;1;1;1;1;1;1;1;1;1;1;1;1;1;1;1;1;1;1;1;1;1;1;0;
2249039;1;01/08/1973;1;18,8;27,6;6;6;1;1;0;1263,90002441406;1;0,0;0,0;0,0;0,0;0,2;18,8;0,0;0,0;0,0;0,0;0,0;0,0;0,0;0,2;0,0;0,0;0,0;0,0;0,0;0,0;0,0;0,0;0,0;0,0;0,0;2,0;0,2;6,2;0,0;0,0;0,0;1;1;1;1;1;1;1;1;1;1;1;1;1;1;1;1;1;1;1;1;1;1;1;1;1;1;1;1;1;1;1;
2249039;1;01/07/1973;1;22,1;40,0;3;5;1;1;0;1263,90002441406;1;0,0;8,2;22,1;0,0;0,0;0,0;0,0;0,0;0,0;0,0;0,0;0,0;0,0;0,0;0,0;0,0;0,0;0,0;0,0;2,6;0,0;2,9;0,0;0,0;0,0;0,0;0,0;4,2;0,0;0,0;0,0;1;1;1;1;1;1;1;1;1;1;1;1;1;1;1;1;1;1;1;1;1;1;1;1;1;1;1;1;1;1;1;
2249039;1;01/06/1973;1;20,7;56,2;24;7;1;1;0;1263,90002441406;1;0,0;0,0;0,0;0,0;0,0;0,0;0,0;0,0;0,0;3,2;0,0;0,0;0,0;0,0;0,3;0,0;0,0;12,1;0,8;0,0;0,0;0,0;0,0;20,7;0,0;0,0;18,2;0,9;0,0;0,0;;1;1;1;1;1;1;1;1;1;1;1;1;1;1;1;1;1;1;1;1;1;1;1;1;1;1;1;1;1;1;0;
2249039;1;01/05/1973;1;32,0;100,8;22;9;1;1;0;1263,90002441406;1;0,0;0,0;24,0;0,4;1,6;6,0;0,0;0,0;0,0;11,9;1,3;1,9;0,0;0,0;0,0;0,0;0,0;0,0;0,0;0,0;0,0;32,0;0,0;0,0;21,7;0,0;0,0;0,0;0,0;0,0;0,0;1;1;1;1;1;1;1;1;1;1;1;1;1;1;1;1;1;1;1;1;1;1;1;1;1;1;1;1;1;1;1;
2249039;1;01/04/1973;1;35,0;89,5;1;9;1;1;0;1263,90002441406;1;35,0;6,3;0,0;0,0;0,0;0,0;0,0;0,0;15,5;15,2;0,0;0,0;1,6;0,2;0,0;0,0;0,0;0,0;1,1;7,4;0,0;0,0;0,0;0,0;0,0;0,0;7,2;0,0;0,0;0,0;;1;1;1;1;1;1;1;1;1;1;1;1;1;1;1;1;1;1;1;1;1;1;1;1;1;1;1;1;1;1;0;
2249039;1;01/03/1973;1;22,3;71,3;9;10;1;1;0;1263,90002441406;1;0,0;0,0;0,1;0,0;13,5;0,0;0,0;0,2;22,3;0,0;0,0;0,0;0,0;0,0;0,0;0,0;0,0;0,0;0,0;14,4;0,0;0,2;0,1;0,8;0,0;0,0;0,0;0,0;0,0;0,9;18,8;1;1;1;1;1;1;1;1;1;1;1;1;1;1;1;1;1;1;1;1;1;1;1;1;1;1;1;1;1;1;1;
2249039;1;01/02/1973;1;69,7;128,1;14;13;1;1;0;1263,90002441406;1;10,0;0,0;0,0;2,0;7,9;0,0;0,2;0,0;0,0;0,0;1,4;0,1;0,0;69,7;2,7;13,9;10,0;0,2;8,8;0,0;0,0;0,0;0,0;0,0;0,0;0,0;1,2;0,0;;;;1;1;1;1;1;1;1;1;1;1;1;1;1;1;1;1;1;1;1;1;1;1;1;1;1;1;1;1;0;0;0;
2249039;1;01/01/1973;1;22,6;130,8;9;17;1;1;0;1263,90002441406;1;8,0;0,0;2,0;0,6;7,0;0,0;0,0;0,0;22,6;6,0;0,0;0,0;1,3;17,4;0,0;7,4;0,8;0,0;0,0;0,0;6,5;14,3;13,6;6,3;2,5;14,0;0,5;0,0;0,0;0,0;0,0;1;1;1;1;1;1;1;1;1;1;1;1;1;1;1;1;1;1;1;1;1;1;1;1;1;1;1;1;1;1;1;
2249039;1;01/12/1970;1;54,0;157,4;10;14;1;1;0;1500,19995117187;1;4,4;1,4;0,0;0,0;0,0;0,0;0,0;0,0;0,0;54,0;0,0;17,0;0,0;14,1;0,0;0,0;12,9;3,0;0,5;0,0;15,6;12,1;0,0;0,0;0,6;2,9;0,0;0,5;0,0;18,4;0,0;1;1;1;1;1;1;1;1;1;1;1;1;1;1;1;1;1;1;1;1;1;1;1;1;1;1;1;1;1;1;1;
2249039;1;01/11/1970;1;61,2;81,2;8;9;1;1;0;1500,19995117187;1;0,0;0,0;1,1;0,0;0,0;0,0;2,3;61,2;5,1;0,0;0,0;0,0;0,0;2,7;1,9;0,0;0,0;0,0;0,0;0,0;0,0;0,0;0,0;0,0;0,0;0,0;0,0;3,2;0,2;3,5;;1;1;1;1;1;1;1;1;1;1;1;1;1;1;1;1;1;1;1;1;1;1;1;1;1;1;1;1;1;1;0;
2249039;1;01/10/1970;1;23,2;102,6;18;11;1;1;0;1500,19995117187;1;0,0;12,8;4,8;16,0;1,1;0,0;0,0;0,0;22,2;0,0;0,0;0,0;9,9;0,0;0,0;0,0;0,0;23,2;0,6;10,9;0,2;0,9;0,0;0,0;0,0;0,0;0,0;0,0;0,0;0,0;0,0;1;1;1;1;1;1;1;1;1;1;1;1;1;1;1;1;1;1;1;1;1;1;1;1;1;1;1;1;1;1;1;
2249039;1;01/09/1970;1;14,6;62,2;7;8;1;1;0;1500,19995117187;1;0,0;0,0;0,0;0,0;0,0;0,0;14,6;0,0;0,0;0,0;0,0;0,0;13,0;0,0;1,0;8,6;0,0;0,0;0,0;1,6;9,4;3,9;0,0;0,0;0,0;0,0;0,0;0,0;10,1;0,0;;1;1;1;1;1;1;1;1;1;1;1;1;1;1;1;1;1;1;1;1;1;1;1;1;1;1;1;1;1;1;0;
2249039;1;01/08/1970;1;29,1;77,8;26;5;1;1;0;1500,19995117187;1;0,0;0,0;0,0;0,0;0,0;0,0;0,0;0,0;0,0;0,0;0,0;0,0;0,0;0,0;0,0;0,0;0,0;0,0;0,0;0,0;0,0;0,0;0,0;0,0;0,0;29,1;20,3;18,2;0,0;1,0;9,2;1;1;1;1;1;1;1;1;1;1;1;1;1;1;1;1;1;1;1;1;1;1;1;1;1;1;1;1;1;1;1;
2249039;1;01/07/1970;1;5,0;11,0;26;4;1;1;0;1500,19995117187;1;0,0;0,4;0,0;0,0;0,0;0,0;0,0;0,0;0,0;0,0;0,0;3,2;2,4;0,0;0,0;0,0;0,0;0,0;0,0;0,0;0,0;0,0;0,0;0,0;0,0;5,0;0,0;0,0;0,0;0,0;0,0;1;1;1;1;1;1;1;1;1;1;1;1;1;1;1;1;1;1;1;1;1;1;1;1;1;1;1;1;1;1;1;
2249039;1;01/06/1970;1;8,3;28,1;24;7;1;1;0;1500,19995117187;1;0,0;0,0;0,0;0,0;0,0;0,0;4,5;0,0;0,8;0,0;0,0;0,0;0,0;0,0;0,0;0,0;0,0;0,0;6,8;0,0;0,0;0,0;7,0;8,3;0,4;0,0;0,0;0,0;0,0;0,3;;1;1;1;1;1;1;1;1;1;1;1;1;1;1;1;1;1;1;1;1;1;1;1;1;1;1;1;1;1;1;0;
2249039;1;01/05/1970;1;25,8;45,5;7;4;1;1;0;1500,19995117187;1;0,0;0,0;0,0;0,0;0,3;0,0;25,8;18,4;0,0;0,0;0,0;0,0;0,0;0,0;0,0;0,0;0,0;0,0;0,0;0,0;1,0;0,0;0,0;0,0;0,0;0,0;0,0;0,0;0,0;0,0;0,0;1;1;1;1;1;1;1;1;1;1;1;1;1;1;1;1;1;1;1;1;1;1;1;1;1;1;1;1;1;1;1;
2249039;1;01/04/1970;1;20,2;45,1;3;8;1;1;0;1500,19995117187;1;9,4;0,0;20,2;2,3;1,8;2,7;0,0;0,0;0,0;0,0;0,0;0,5;0,0;0,0;0,0;0,0;0,0;0,0;2,4;0,0;0,0;0,0;0,0;0,0;0,0;0,0;0,0;0,0;0,0;5,8;;1;1;1;1;1;1;1;1;1;1;1;1;1;1;1;1;1;1;1;1;1;1;1;1;1;1;1;1;1;1;0;
2249039;1;01/03/1970;1;117,6;177,0;14;13;1;1;0;1500,19995117187;1;1,6;0,0;2,8;1,9;0,0;0,0;0,9;0,0;1,6;7,0;2,4;0,0;5,6;117,6;0,0;0,0;4,5;1,0;0,0;0,0;0,0;0,0;0,0;28,4;1,7;0,0;0,0;0,0;0,0;0,0;0,0;1;1;1;1;1;1;1;1;1;1;1;1;1;1;1;1;1;1;1;1;1;1;1;1;1;1;1;1;1;1;1;
2249039;1;01/02/1970;1;72,0;375,1;20;21;1;1;0;1500,19995117187;1;18,1;0,8;4,8;0,1;10,5;22,5;0,0;4,6;0,0;61,5;9,4;7,4;0,0;0,0;27,2;3,9;0,0;2,1;43,3;72,0;4,9;63,9;5,0;0,0;9,8;1,3;0,0;2,0;;;;1;1;1;1;1;1;1;1;1;1;1;1;1;1;1;1;1;1;1;1;1;1;1;1;1;1;1;1;0;0;0;
2249039;1;01/01/1970;1;121,3;337,2;16;15;1;1;0;1500,19995117187;1;35,8;0,0;5,3;43,1;0,0;5,8;0,0;1,3;0,0;32,0;0,0;0,0;0,0;0,0;32,7;121,3;10,0;0,7;36,0;0,5;10,4;0,0;0,0;0,0;0,0;0,0;0,0;0,0;0,0;2,0;0,3;1;1;1;1;1;1;1;1;1;1;1;1;1;1;1;1;1;1;1;1;1;1;1;1;1;1;1;1;1;1;1;
2249039;1;01/12/1969;1;43,7;99,5;24;7;1;1;0;957;1;14,4;0,0;0,0;0,0;0,0;0,7;0,0;0,0;0,0;0,0;0,0;17,7;0,0;9,2;0,0;0,0;0,0;0,0;0,0;0,0;0,0;0,0;0,0;43,7;2,0;0,0;0,0;0,0;0,0;0,0;11,8;1;1;1;1;1;1;1;1;1;1;1;1;1;1;1;1;1;1;1;1;1;1;1;1;1;1;1;1;1;1;1;
2249039;1;01/11/1969;1;47,8;153,1;13;13;1;1;0;957;1;0,0;0,0;0,6;0,0;0,0;0,0;0,0;0,0;14,4;31,1;0,0;0,0;47,8;3,0;20,0;11,7;0,0;0,7;7,3;9,4;0,0;0,2;0,0;0,0;0,0;0,0;0,0;0,0;5,0;1,9;;1;1;1;1;1;1;1;1;1;1;1;1;1;1;1;1;1;1;1;1;1;1;1;1;1;1;1;1;1;1;0;
2249039;1;01/10/1969;1;26,7;146,9;1;12;1;1;0;957;1;26,7;0,0;1,6;24,4;20,9;0,9;24,1;0,0;0,0;6,8;0,0;0,0;0,0;0,0;0,0;0,0;1,8;0,0;0,8;10,6;0,0;0,0;18,7;0,0;0,0;0,0;0,0;0,0;0,0;0,0;9,6;1;1;1;1;1;1;1;1;1;1;1;1;1;1;1;1;1;1;1;1;1;1;1;1;1;1;1;1;1;1;1;
2249039;1;01/09/1969;1;17,7;39,2;30;5;1;1;0;957;1;0,0;0,0;0,0;0,0;5,5;0,0;0,0;0,0;0,0;0,0;0,0;0,0;0,0;0,0;0,0;0,0;0,0;0,0;0,0;5,8;10,0;0,0;0,0;0,0;0,0;0,0;0,0;0,0;0,2;17,7;;1;1;1;1;1;1;1;1;1;1;1;1;1;1;1;1;1;1;1;1;1;1;1;1;1;1;1;1;1;1;0;
2249039;1;01/08/1969;1;5,4;6,6;7;2;1;1;0;957;1;0,0;0,0;1,2;0,0;0,0;0,0;5,4;0,0;0,0;0,0;0,0;0,0;0,0;0,0;0,0;0,0;0,0;0,0;0,0;0,0;0,0;0,0;0,0;0,0;0,0;0,0;0,0;0,0;0,0;0,0;0,0;1;1;1;1;1;1;1;1;1;1;1;1;1;1;1;1;1;1;1;1;1;1;1;1;1;1;1;1;1;1;1;
2249039;1;01/07/1969;1;24,1;24,1;13;1;1;1;0;957;1;0,0;0,0;0,0;0,0;0,0;0,0;0,0;0,0;0,0;0,0;0,0;0,0;24,1;0,0;0,0;0,0;0,0;0,0;0,0;0,0;0,0;0,0;0,0;0,0;0,0;0,0;0,0;0,0;0,0;0,0;0,0;1;1;1;1;1;1;1;1;1;1;1;1;1;1;1;1;1;1;1;1;1;1;1;1;1;1;1;1;1;1;1;
2249039;1;01/06/1969;1;23,6;31,6;2;2;1;1;0;957;1;0,0;23,6;0,0;0,0;0,0;0,0;0,0;0,0;0,0;0,0;0,0;0,0;0,0;0,0;0,0;0,0;0,0;0,0;0,0;0,0;0,0;8,0;0,0;0,0;0,0;0,0;0,0;0,0;0,0;0,0;;1;1;1;1;1;1;1;1;1;1;1;1;1;1;1;1;1;1;1;1;1;1;1;1;1;1;1;1;1;1;0;
2249039;1;01/05/1969;1;9,8;15,9;30;6;1;1;0;957;1;0,0;0,0;0,0;2,3;0,0;0,0;0,0;0,0;0,0;0,0;0,0;0,0;0,0;0,0;0,0;0,0;0,0;0,0;0,0;0,0;0,0;0,0;0,0;0,3;1,2;0,0;0,0;0,0;0,4;9,8;1,9;1;1;1;1;1;1;1;1;1;1;1;1;1;1;1;1;1;1;1;1;1;1;1;1;1;1;1;1;1;1;1;
2249039;1;01/04/1969;1;17,4;41,5;2;5;1;1;0;957;1;0,0;17,4;0,0;0,0;4,3;0,0;0,0;0,0;13,3;0,0;0,0;0,0;0,0;0,0;0,0;0,0;0,0;0,0;0,0;0,0;0,0;0,0;0,5;0,0;0,0;0,0;0,0;0,0;6,0;0,0;;1;1;1;1;1;1;1;1;1;1;1;1;1;1;1;1;1;1;1;1;1;1;1;1;1;1;1;1;1;1;0;
2249039;1;01/03/1969;1;46,6;122,3;3;8;1;1;0;957;1;32,4;0,0;46,6;0,0;21,9;0,0;0,0;0,0;0,0;0,0;0,0;0,0;0,0;0,0;0,0;0,0;0,0;0,0;0,0;0,0;0,0;3,2;0,4;0,0;0,0;0,0;0,0;0,0;8,6;1,0;8,2;1;1;1;1;1;1;1;1;1;1;1;1;1;1;1;1;1;1;1;1;1;1;1;1;1;1;1;1;1;1;1;
2249039;1;01/02/1969;1;20,8;114,0;10;11;1;1;0;957;1;0,0;0,0;0,0;0,0;0,0;0,0;0,0;18,6;0,0;20,8;1,6;12,3;17,1;0,0;0,0;0,2;1,6;19,7;0,0;12,9;0,0;0,0;0,0;8,9;0,0;0,0;0,0;0,3;;;;1;1;1;1;1;1;1;1;1;1;1;1;1;1;1;1;1;1;1;1;1;1;1;1;1;1;1;1;0;0;0;
2249039;1;01/01/1969;1;84,1;162,3;24;11;1;1;0;957;1;0,0;0,0;0,0;30,4;0,0;0,0;0,0;0,0;6,8;0,0;0,0;4,0;4,4;0,0;0,0;16,6;0,0;0,0;0,0;0,0;0,0;0,0;5,0;84,1;1,4;0,5;0,0;1,5;7,6;0,0;0,0;1;1;1;1;1;1;1;1;1;1;1;1;1;1;1;1;1;1;1;1;1;1;1;1;1;1;1;1;1;1;1;
2249039;1;01/12/1968;1;30,1;96,0;7;14;1;1;0;806,400024414062;1;0,0;5,3;0,6;0,0;2,8;0,0;30,1;0,0;0,0;0,0;0,0;0,0;0,0;0,0;0,0;0,0;0,0;1,1;0,0;2,0;0,3;0,0;4,6;0,4;1,8;8,5;11,1;0,0;20,2;7,2;0,0;1;1;1;1;1;1;1;1;1;1;1;1;1;1;1;1;1;1;1;1;1;1;1;1;1;1;1;1;1;1;1;
2249039;1;01/11/1968;1;18,4;45,6;30;6;1;1;0;806,400024414062;1;0,0;0,0;0,0;0,0;0,4;0,0;0,0;0,0;0,0;0,0;3,9;0,0;0,0;0,0;0,0;0,0;0,0;0,0;0,0;0,0;0,0;0,0;0,0;0,0;0,0;0,0;10,2;8,4;4,3;18,4;;1;1;1;1;1;1;1;1;1;1;1;1;1;1;1;1;1;1;1;1;1;1;1;1;1;1;1;1;1;1;0;
2249039;1;01/10/1968;1;52,7;123,2;17;9;1;1;0;806,400024414062;1;2,4;0,0;0,0;0,0;0,0;0,0;0,0;0,0;0,0;0,0;0,0;0,0;0,0;0,0;0,0;0,3;52,7;9,0;20,2;0,0;0,0;0,0;13,6;10,8;0,0;0,0;11,2;3,0;0,0;0,0;0,0;1;1;1;1;1;1;1;1;1;1;1;1;1;1;1;1;1;1;1;1;1;1;1;1;1;1;1;1;1;1;1;
2249039;1;01/09/1968;1;7,0;11,2;4;3;1;1;0;806,400024414062;1;0,0;0,0;0,0;7,0;0,0;0,0;0,0;0,0;0,0;0,0;0,0;0,0;0,0;0,0;0,0;0,0;0,0;0,0;0,0;0,0;3,6;0,0;0,0;0,0;0,0;0,0;0,0;0,0;0,0;0,6;;1;1;1;1;1;1;1;1;1;1;1;1;1;1;1;1;1;1;1;1;1;1;1;1;1;1;1;1;1;1;0;
2249039;1;01/08/1968;1;17,7;41,9;31;4;1;1;0;806,400024414062;1;0,0;0,0;0,0;0,0;0,0;0,0;0,0;7,6;16,0;0,6;0,0;0,0;0,0;0,0;0,0;0,0;0,0;0,0;0,0;0,0;0,0;0,0;0,0;0,0;0,0;0,0;0,0;0,0;0,0;0,0;17,7;1;1;1;1;1;1;1;1;1;1;1;1;1;1;1;1;1;1;1;1;1;1;1;1;1;1;1;1;1;1;1;
2249039;1;01/07/1968;1;5,4;6,7;10;3;1;1;0;806,400024414062;1;0,0;0,0;0,0;0,0;0,0;0,0;0,0;0,0;0,0;5,4;0,0;0,0;0,0;0,0;0,0;0,0;0,0;0,0;0,0;0,0;0,3;1,0;0,0;0,0;0,0;0,0;0,0;0,0;0,0;0,0;0,0;1;1;1;1;1;1;1;1;1;1;1;1;1;1;1;1;1;1;1;1;1;1;1;1;1;1;1;1;1;1;1;
2249039;1;01/06/1968;1;17,1;25,2;21;3;1;1;0;806,400024414062;1;0,0;0,0;0,0;0,0;0,0;0,0;0,0;5,8;0,0;0,0;0,0;0,0;0,0;0,0;0,0;0,0;0,0;0,0;0,0;0,0;17,1;0,0;0,0;0,0;2,3;0,0;0,0;0,0;0,0;0,0;;1;1;1;1;1;1;1;1;1;1;1;1;1;1;1;1;1;1;1;1;1;1;1;1;1;1;1;1;1;1;0;
2249039;1;01/05/1968;1;6,9;9,2;16;3;1;1;0;806,400024414062;1;0,0;0,0;0,0;0,0;0,0;0,0;0,0;0,0;0,2;0,0;0,0;0,0;0,0;0,0;2,1;6,9;0,0;0,0;0,0;0,0;0,0;0,0;0,0;0,0;0,0;0,0;0,0;0,0;0,0;0,0;0,0;1;1;1;1;1;1;1;1;1;1;1;1;1;1;1;1;1;1;1;1;1;1;1;1;1;1;1;1;1;1;1;
2249039;1;01/04/1968;1;31,7;34,7;20;3;1;1;0;806,400024414062;1;0,0;0,0;0,0;0,0;0,0;0,0;0,0;0,0;0,0;0,0;0,0;0,0;0,0;0,0;0,0;0,0;0,0;0,0;0,0;31,7;2,9;0,0;0,0;0,0;0,0;0,0;0,0;0,0;0,1;0,0;;1;1;1;1;1;1;1;1;1;1;1;1;1;1;1;1;1;1;1;1;1;1;1;1;1;1;1;1;1;1;0;
2249039;1;01/03/1968;1;28,6;76,3;8;9;1;1;0;806,400024414062;1;0,0;0,0;0,0;0,0;7,6;3,9;18,6;28,6;0,0;0,0;0,0;0,0;1,6;1,4;1,6;0,0;11,0;0,0;0,0;0,0;0,0;0,0;0,0;0,0;0,0;0,0;0,0;0,0;0,0;0,0;2,0;1;1;1;1;1;1;1;1;1;1;1;1;1;1;1;1;1;1;1;1;1;1;1;1;1;1;1;1;1;1;1;
2249039;1;01/02/1968;1;16,8;40,5;22;7;1;1;0;806,400024414062;1;0,0;0,0;0,0;0,0;0,0;0,0;0,0;0,0;0,0;0,0;0,0;0,2;1,4;4,2;4,1;9,3;0,0;0,0;0,0;0,0;0,0;16,8;0,0;4,5;0,0;0,0;0,0;0,0;0,0;;;1;1;1;1;1;1;1;1;1;1;1;1;1;1;1;1;1;1;1;1;1;1;1;1;1;1;1;1;1;0;0;
2249039;1;01/01/1968;1;62,8;295,9;3;15;1;1;0;806,400024414062;1;0,0;0,0;62,8;32,5;0,0;0,0;0,0;0,0;0,0;0,0;37,6;18,7;21,9;0,0;7,5;2,9;13,7;6,3;23,8;0,0;13,1;43,7;2,9;7,4;1,1;0,0;0,0;0,0;0,0;0,0;0,0;1;1;1;1;1;1;1;1;1;1;1;1;1;1;1;1;1;1;1;1;1;1;1;1;1;1;1;1;1;1;1;
2249039;1;01/12/1967;1;42,6;215,3;22;17;1;1;0;1339,59997558594;1;0,0;0,0;16,4;7,0;0,6;0,0;0,0;0,0;0,0;16,8;9,2;0,0;0,0;0,0;0,3;1,0;5,2;9,6;19,8;0,0;23,1;42,6;8,2;0,0;0,0;16,6;0,0;0,0;4,4;0,7;33,8;1;1;1;1;1;1;1;1;1;1;1;1;1;1;1;1;1;1;1;1;1;1;1;1;1;1;1;1;1;1;1;
2249039;1;01/11/1967;1;47,3;148,0;17;15;1;1;0;1339,59997558594;1;0,0;0,0;0,0;32,0;0,0;0,0;0,0;0,0;0,0;0,0;0,0;2,2;3,3;0,6;6,0;10,9;47,3;0,2;0,0;0,0;0,0;0,0;9,7;15,4;7,9;4,0;1,4;6,9;0,2;0,0;;1;1;1;1;1;1;1;1;1;1;1;1;1;1;1;1;1;1;1;1;1;1;1;1;1;1;1;1;1;1;0;
2249039;1;01/10/1967;1;45,4;152,0;26;12;1;1;0;1339,59997558594;1;0,0;4,8;0,0;0,0;0,0;0,0;0,0;0,0;0,0;0,0;0,0;11,9;0,0;0,0;0,0;0,0;0,0;5,8;0,1;4,8;17,3;9,6;7,0;0,0;4,6;45,4;39,4;1,3;0,0;0,0;0,0;1;1;1;1;1;1;1;1;1;1;1;1;1;1;1;1;1;1;1;1;1;1;1;1;1;1;1;1;1;1;1;
2249039;1;01/09/1967;1;42,4;95,2;21;7;1;1;0;1339,59997558594;1;0,0;0,0;0,0;0,0;0,0;0,0;0,0;3,8;7,6;15,6;0,0;0,0;19,3;5,6;0,0;0,0;0,0;0,0;0,0;0,0;42,4;0,0;0,0;0,9;0,0;0,0;0,0;0,0;0,0;0,0;;1;1;1;1;1;1;1;1;1;1;1;1;1;1;1;1;1;1;1;1;1;1;1;1;1;1;1;1;1;1;0;
2249039;1;01/08/1967;1;0,0;0,0;1;;1;1;0;1339,59997558594;1;0,0;0,0;0,0;0,0;0,0;0,0;0,0;0,0;0,0;0,0;0,0;0,0;0,0;0,0;0,0;0,0;0,0;0,0;0,0;0,0;0,0;0,0;0,0;0,0;0,0;0,0;0,0;0,0;0,0;0,0;0,0;1;1;1;1;1;1;1;1;1;1;1;1;1;1;1;1;1;1;1;1;1;1;1;1;1;1;1;1;1;1;1;
2249039;1;01/07/1967;1;6,9;14,5;23;5;1;1;0;1339,59997558594;1;0,0;2,1;0,0;0,0;0,0;0,0;0,0;0,0;0,0;0,0;3,8;1,6;0,0;0,0;0,0;0,0;0,0;0,0;0,0;0,0;0,0;0,1;6,9;0,0;0,0;0,0;0,0;0,0;0,0;0,0;0,0;1;1;1;1;1;1;1;1;1;1;1;1;1;1;1;1;1;1;1;1;1;1;1;1;1;1;1;1;1;1;1;
2249039;1;01/06/1967;1;24,2;80,5;13;8;1;1;0;1339,59997558594;1;0,0;0,0;0,0;1,9;12,7;11,5;17,6;0,0;0,0;0,0;4,0;6,0;24,2;2,6;0,0;0,0;0,0;0,0;0,0;0,0;0,0;0,0;0,0;0,0;0,0;0,0;0,0;0,0;0,0;0,0;;1;1;1;1;1;1;1;1;1;1;1;1;1;1;1;1;1;1;1;1;1;1;1;1;1;1;1;1;1;1;0;
2249039;1;01/05/1967;1;0,0;0,0;1;;1;1;0;1339,59997558594;1;0,0;0,0;0,0;0,0;0,0;0,0;0,0;0,0;0,0;0,0;0,0;0,0;0,0;0,0;0,0;0,0;0,0;0,0;0,0;0,0;0,0;0,0;0,0;0,0;0,0;0,0;0,0;0,0;0,0;0,0;0,0;1;1;1;1;1;1;1;1;1;1;1;1;1;1;1;1;1;1;1;1;1;1;1;1;1;1;1;1;1;1;1;
2249039;1;01/04/1967;1;6,8;10,1;16;5;1;1;0;1339,59997558594;1;2,3;0,0;0,0;0,0;0,0;0,0;0,0;0,0;0,0;0,0;0,0;0,0;0,0;0,0;0,2;6,8;0,0;0,0;0,0;0,0;0,0;0,0;0,0;0,1;0,0;0,0;0,0;0,7;0,0;0,0;;1;1;1;1;1;1;1;1;1;1;1;1;1;1;1;1;1;1;1;1;1;1;1;1;1;1;1;1;1;1;0;
2249039;1;01/03/1967;1;39,1;145,6;6;13;1;1;0;1339,59997558594;1;0,0;3,6;0,0;0,0;0,0;39,1;35,6;0,9;0,0;1,4;0,0;8,0;3,3;3,5;6,4;0,0;0,0;0,0;0,0;0,0;0,0;0,0;0,0;0,0;3,8;5,6;0,6;0,0;0,0;33,8;0,0;1;1;1;1;1;1;1;1;1;1;1;1;1;1;1;1;1;1;1;1;1;1;1;1;1;1;1;1;1;1;1;
2249039;1;01/02/1967;1;29,1;203,1;4;16;1;1;0;1339,59997558594;1;0,0;21,6;4,9;29,1;18,9;3,3;6,1;0,0;3,6;25,4;2,2;0,0;0,0;0,0;15,8;21,9;7,9;8,0;25,6;2,4;0,0;6,4;0,0;0,0;0,0;0,0;0,0;0,0;;;;1;1;1;1;1;1;1;1;1;1;1;1;1;1;1;1;1;1;1;1;1;1;1;1;1;1;1;1;0;0;0;
2249039;1;01/01/1967;1;43,8;275,3;21;20;1;1;0;1339,59997558594;1;0,0;0,0;27,2;0,2;0,5;28,7;0,0;0,0;0,0;3,4;10,7;5,1;16,9;24,2;6,4;6,7;3,9;1,7;18,6;0,0;43,8;26,9;0,0;0,0;0,0;5,4;19,4;0,0;13,0;12,6;0,0;1;1;1;1;1;1;1;1;1;1;1;1;1;1;1;1;1;1;1;1;1;1;1;1;1;1;1;1;1;1;1;
2249039;1;01/12/1966;1;115,8;264,7;21;15;1;1;0;1045;1;0,0;0,0;0,0;0,0;0,8;10,7;0,0;10,1;0,0;3,3;0,0;0,0;1,2;0,0;5,1;7,3;2,1;2,2;7,5;46,3;115,8;28,0;9,3;0,0;0,0;0,0;0,0;15,0;0,0;0,0;0,0;1;1;1;1;1;1;1;1;1;1;1;1;1;1;1;1;1;1;1;1;1;1;1;1;1;1;1;1;1;1;1;
2249039;1;01/11/1966;1;17,6;62,7;18;7;1;1;0;1045;1;0,0;0,9;0,0;0,0;0,0;6,0;0,0;0,0;0,0;0,0;9,3;0,0;9,2;5,7;0,0;14,0;0,0;17,6;0,0;0,0;0,0;0,0;0,0;0,0;0,0;0,0;0,0;0,0;0,0;0,0;;1;1;1;1;1;1;1;1;1;1;1;1;1;1;1;1;1;1;1;1;1;1;1;1;1;1;1;1;1;1;0;
2249039;1;01/10/1966;1;69,2;176,8;28;14;1;1;0;1045;1;0,0;0,0;0,0;0,0;0,0;0,0;1,1;0,7;23,0;0,0;0,0;0,0;0,8;0,0;0,0;0,0;0,0;9,0;0,6;0,0;0,0;6,7;45,6;1,0;0,0;0,0;3,3;69,2;1,7;10,8;3,3;1;1;1;1;1;1;1;1;1;1;1;1;1;1;1;1;1;1;1;1;1;1;1;1;1;1;1;1;1;1;1;
2249039;1;01/09/1966;1;17,1;47,4;1;7;1;1;0;1045;1;17,1;8,1;8,6;1,5;0,0;0,0;0,0;0,0;0,0;0,0;0,0;0,0;0,0;0,0;0,0;0,0;0,0;0,0;0,0;3,0;0,0;0,0;0,0;0,0;0,0;0,0;0,0;0,4;8,7;0,0;;1;1;1;1;1;1;1;1;1;1;1;1;1;1;1;1;1;1;1;1;1;1;1;1;1;1;1;1;1;1;0;
2249039;1;01/08/1966;1;10,8;22,5;31;7;1;1;0;1045;1;6,3;0,0;0,0;0,0;0,0;0,0;0,0;0,0;0,0;0,6;0,0;0,0;0,0;0,0;0,0;0,3;0,0;0,0;0,0;0,0;0,0;0,0;0,0;0,0;1,3;0,0;0,0;0,0;0,2;3,0;10,8;1;1;1;1;1;1;1;1;1;1;1;1;1;1;1;1;1;1;1;1;1;1;1;1;1;1;1;1;1;1;1;
2249039;1;01/07/1966;1;12,7;17,7;31;2;1;1;0;1045;1;0,0;0,0;0,0;0,0;0,0;0,0;0,0;0,0;0,0;0,0;0,0;0,0;0,0;0,0;0,0;0,0;0,0;0,0;0,0;0,0;0,0;0,0;5,0;0,0;0,0;0,0;0,0;0,0;0,0;0,0;12,7;1;1;1;1;1;1;1;1;1;1;1;1;1;1;1;1;1;1;1;1;1;1;1;1;1;1;1;1;1;1;1;
2249039;1;01/06/1966;1;3,0;3,0;24;1;1;1;0;1045;1;0,0;0,0;0,0;0,0;0,0;0,0;0,0;0,0;0,0;0,0;0,0;0,0;0,0;0,0;0,0;0,0;0,0;0,0;0,0;0,0;0,0;0,0;0,0;3,0;0,0;0,0;0,0;0,0;0,0;0,0;;1;1;1;1;1;1;1;1;1;1;1;1;1;1;1;1;1;1;1;1;1;1;1;1;1;1;1;1;1;1;0;
2249039;1;01/05/1966;1;6,7;18,1;6;6;1;1;0;1045;1;0,0;0,0;0,0;0,0;0,0;6,7;0,0;0,0;0,0;0,0;0,0;2,4;1,6;0,0;0,0;0,0;0,0;0,0;0,0;0,0;0,3;1,4;5,7;0,0;0,0;0,0;0,0;0,0;0,0;0,0;0,0;1;1;1;1;1;1;1;1;1;1;1;1;1;1;1;1;1;1;1;1;1;1;1;1;1;1;1;1;1;1;1;
2249039;1;01/04/1966;1;34,0;87,4;3;6;1;1;0;1045;1;5,3;0,0;34,0;0,0;0,0;12,8;15,7;0,0;0,0;0,0;0,0;0,0;0,0;0,0;0,0;0,0;0,0;0,0;0,0;0,0;0,0;0,0;0,0;0,0;0,0;19,4;0,2;0,0;0,0;0,0;;1;1;1;1;1;1;1;1;1;1;1;1;1;1;1;1;1;1;1;1;1;1;1;1;1;1;1;1;1;1;0;
2249039;1;01/03/1966;1;15,0;33,0;6;10;1;1;0;1045;1;0,0;0,7;0,0;1,4;6,7;15,0;4,4;0,0;2,3;0,9;0,0;0,0;0,0;0,0;0,0;0,0;0,0;0,0;0,0;0,0;0,0;0,0;0,0;0,0;0,0;1,1;0,3;0,2;0,0;0,0;0,0;1;1;1;1;1;1;1;1;1;1;1;1;1;1;1;1;1;1;1;1;1;1;1;1;1;1;1;1;1;1;1;
2249039;1;01/02/1966;1;59,6;202,1;12;12;1;1;0;1045;1;6,4;3,9;0,0;0,0;0,0;18,8;5,9;0,1;0,0;16,6;26,6;59,6;27,3;4,2;0,0;0,0;0,0;0,0;0,0;0,0;0,0;20,3;0,0;12,4;0,0;0,0;0,0;0,0;;;;1;1;1;1;1;1;1;1;1;1;1;1;1;1;1;1;1;1;1;1;1;1;1;1;1;1;1;1;0;0;0;
2249039;1;01/01/1966;1;31,2;109,6;28;13;1;1;0;1045;1;15,9;0,5;8,0;2,0;3,1;0,0;0,0;8,4;5,6;6,4;0,0;0,0;0,0;0,0;7,2;0,0;0,0;0,0;0,0;0,0;0,0;0,0;0,0;0,0;0,0;0,0;0,0;31,2;0,3;1,0;20,0;1;1;1;1;1;1;1;1;1;1;1;1;1;1;1;1;1;1;1;1;1;1;1;1;1;1;1;1;1;1;1;
2249039;1;01/12/1965;1;48,1;222,4;8;20;1;1;0;1680,30004882813;1;2,7;15,7;0,4;23,8;3,7;0,0;18,7;48,1;12,3;6,9;20,5;15,7;5,1;0,6;1,1;0,7;0,0;0,0;0,0;0,0;0,0;0,0;0,0;0,0;0,0;3,1;32,4;0,4;10,3;0,0;0,2;1;1;1;1;1;1;1;1;1;1;1;1;1;1;1;1;1;1;1;1;1;1;1;1;1;1;1;1;1;1;1;
2249039;1;01/11/1965;1;78,3;158,9;6;7;1;1;0;1680,30004882813;1;0,0;0,0;0,0;0,0;0,0;78,3;0,0;0,0;0,0;0,0;0,0;0,0;2,7;4,6;0,0;0,0;0,0;0,0;0,0;0,0;21,0;0,0;0,0;0,0;0,0;0,0;31,2;7,7;13,4;0,0;;1;1;1;1;1;1;1;1;1;1;1;1;1;1;1;1;1;1;1;1;1;1;1;1;1;1;1;1;1;1;0;
2249039;1;01/10/1965;1;32,6;140,6;2;12;1;1;0;1680,30004882813;1;23,4;32,6;0,0;0,0;0,0;0,0;0,0;1,0;0,0;0,0;18,6;0,0;0,0;0,0;15,8;0,0;0,0;0,0;18,6;0,0;12,0;0,0;10,2;0,0;1,6;0,0;0,0;6,0;0,3;0,5;0,0;1;1;1;1;1;1;1;1;1;1;1;1;1;1;1;1;1;1;1;1;1;1;1;1;1;1;1;1;1;1;1;
2249039;1;01/09/1965;1;30,4;61,7;27;5;1;1;0;1680,30004882813;1;0,0;0,0;0,0;0,0;0,0;0,0;0,0;0,0;0,0;0,0;0,0;0,0;2,4;0,0;0,0;0,0;0,0;0,0;0,0;0,0;0,0;0,0;0,0;0,0;0,0;1,4;30,4;26,9;0,6;0,0;;1;1;1;1;1;1;1;1;1;1;1;1;1;1;1;1;1;1;1;1;1;1;1;1;1;1;1;1;1;1;0;
2249039;1;01/08/1965;1;2,4;4,5;15;4;1;1;0;1680,30004882813;1;0,2;0,0;0,0;0,7;0,0;0,0;0,0;0,0;0,0;0,0;0,0;0,0;0,0;0,0;2,4;1,2;0,0;0,0;0,0;0,0;0,0;0,0;0,0;0,0;0,0;0,0;0,0;0,0;0,0;0,0;0,0;1;1;1;1;1;1;1;1;1;1;1;1;1;1;1;1;1;1;1;1;1;1;1;1;1;1;1;1;1;1;1;
2249039;1;01/07/1965;1;15,1;65,5;5;9;1;1;0;1680,30004882813;1;0,0;0,0;0,0;6,2;15,1;3,8;10,8;0,8;2,2;7,6;12,4;0,0;0,0;0,0;0,0;0,0;0,0;0,0;0,0;0,0;0,0;0,0;0,0;0,0;0,0;0,0;0,0;0,0;0,0;0,0;6,6;1;1;1;1;1;1;1;1;1;1;1;1;1;1;1;1;1;1;1;1;1;1;1;1;1;1;1;1;1;1;1;
2249039;1;01/06/1965;1;17,6;37,5;10;6;1;1;0;1680,30004882813;1;0,0;0,0;0,0;0,0;0,0;0,0;0,0;0,0;2,6;17,6;1,6;0,0;0,0;1,1;0,0;0,0;0,0;0,0;0,0;0,0;0,0;0,0;0,0;12,6;0,0;0,0;0,0;0,0;0,0;2,0;;1;1;1;1;1;1;1;1;1;1;1;1;1;1;1;1;1;1;1;1;1;1;1;1;1;1;1;1;1;1;0;
2249039;1;01/05/1965;1;39,5;91,4;15;7;1;1;0;1680,30004882813;1;0,0;0,0;0,0;0,0;0,0;0,0;0,0;0,0;0,0;0,0;0,0;12,2;2,1;0,0;39,5;0,0;0,0;20,3;16,8;0,0;0,1;0,4;0,0;0,0;0,0;0,0;0,0;0,0;0,0;0,0;0,0;1;1;1;1;1;1;1;1;1;1;1;1;1;1;1;1;1;1;1;1;1;1;1;1;1;1;1;1;1;1;1;
2249039;1;01/04/1965;1;41,1;68,5;29;7;1;1;0;1680,30004882813;1;0,0;0,0;0,0;0,0;0,0;0,0;0,0;0,0;1,9;1,4;0,0;0,0;0,0;0,0;0,0;0,0;0,0;0,0;5,5;7,9;0,0;0,0;0,0;0,0;0,1;0,0;0,0;0,0;41,1;10,6;;1;1;1;1;1;1;1;1;1;1;1;1;1;1;1;1;1;1;1;1;1;1;1;1;1;1;1;1;1;1;0;
2249039;1;01/03/1965;1;44,1;171,6;10;13;1;1;0;1680,30004882813;1;30,3;0,0;17,6;0,0;0,0;0,0;0,3;1,3;1,0;44,1;0,0;0,0;0,0;0,0;0,0;23,6;0,0;0,0;3,8;0,0;5,3;0,0;29,0;2,7;1,7;10,9;0,0;0,0;0,0;0,0;0,0;1;1;1;1;1;1;1;1;1;1;1;1;1;1;1;1;1;1;1;1;1;1;1;1;1;1;1;1;1;1;1;
2249039;1;01/02/1965;1;82,7;242,8;22;16;1;1;0;1680,30004882813;1;36,2;3,3;6,0;0,1;6,0;0,0;0,0;0,0;0,0;0,0;0,0;0,0;0,0;7,2;9,2;0,0;0,0;0,4;2,6;0,0;17,6;82,7;1,0;14,7;16,7;0,0;18,1;21,0;;;;1;1;1;1;1;1;1;1;1;1;1;1;1;1;1;1;1;1;1;1;1;1;1;1;1;1;1;1;0;0;0;
2249039;1;01/01/1965;1;77,9;414,9;9;18;1;1;0;1680,30004882813;1;0,0;0,0;0,0;6,4;2,5;0,0;0,0;0,0;77,9;0,0;11,1;24,2;3,0;18,6;13,6;52,9;0,0;2,0;7,8;24,6;0,0;0,0;0,0;19,1;0,0;3,4;0,0;22,0;67,3;57,7;0,8;1;1;1;1;1;1;1;1;1;1;1;1;1;1;1;1;1;1;1;1;1;1;1;1;1;1;1;1;1;1;1;
2249039;1;01/12/1964;1;112,8;445,4;24;18;1;1;0;1660;1;19,3;22,1;31,9;38,0;0,0;0,0;0,0;0,0;0,0;0,0;14,2;0,0;16,2;38,3;22,4;0,0;0,0;49,1;4,0;0,0;0,0;7,3;19,8;112,8;25,6;18,0;0,2;0,0;2,0;4,2;0,0;1;1;1;1;1;1;1;1;1;1;1;1;1;1;1;1;1;1;1;1;1;1;1;1;1;1;1;1;1;1;1;
2249039;1;01/11/1964;1;26,3;93,3;16;10;1;1;0;1660;1;0,0;0,0;0,0;0,0;25,7;4,1;12,8;0,0;0,0;0,0;0,0;0,0;0,0;0,0;9,0;26,3;5,2;0,0;6,7;0,0;2,2;0,8;0,0;0,0;0,0;0,0;0,5;0,0;0,0;0,0;;1;1;1;1;1;1;1;1;1;1;1;1;1;1;1;1;1;1;1;1;1;1;1;1;1;1;1;1;1;1;0;
2249039;1;01/10/1964;1;40,4;180,6;27;9;1;1;0;1660;1;38,0;0,0;0,0;0,0;0,0;8,8;29,2;0,0;0,0;0,0;0,0;0,0;0,0;0,0;0,0;0,0;0,0;0,0;0,0;14,1;6,3;1,1;0,0;0,0;0,0;0,0;40,4;0,0;0,0;34,1;8,6;1;1;1;1;1;1;1;1;1;1;1;1;1;1;1;1;1;1;1;1;1;1;1;1;1;1;1;1;1;1;1;
2249039;1;01/09/1964;1;47,4;123,8;26;6;1;1;0;1660;1;0,0;0,0;2,6;0,0;0,0;0,0;0,0;0,0;0,0;0,0;0,0;0,0;0,0;0,0;0,0;0,0;0,0;0,0;0,0;0,0;0,0;0,0;0,0;5,7;39,2;47,4;0,0;28,6;0,3;0,0;;1;1;1;1;1;1;1;1;1;1;1;1;1;1;1;1;1;1;1;1;1;1;1;1;1;1;1;1;1;1;0;
2249039;1;01/08/1964;1;30,7;37,0;20;3;1;1;0;1660;1;0,0;0,0;0,0;0,0;0,0;0,0;0,0;0,0;0,0;0,0;0,0;0,0;0,0;0,0;0,0;0,0;0,0;0,0;0,0;30,7;2,6;3,7;0,0;0,0;0,0;0,0;0,0;0,0;0,0;0,0;0,0;1;1;1;1;1;1;1;1;1;1;1;1;1;1;1;1;1;1;1;1;1;1;1;1;1;1;1;1;1;1;1;
2249039;1;01/07/1964;1;25,4;54,5;25;7;1;1;0;1660;1;0,0;2,6;11,1;11,3;0,0;0,0;0,0;0,0;2,1;0,0;0,0;0,0;0,0;0,0;0,0;0,0;1,0;0,0;0,0;1,0;0,0;0,0;0,0;0,0;25,4;0,0;0,0;0,0;0,0;0,0;0,0;1;1;1;1;1;1;1;1;1;1;1;1;1;1;1;1;1;1;1;1;1;1;1;1;1;1;1;1;1;1;1;
2249039;1;01/06/1964;1;14,6;24,7;14;4;1;1;0;1660;1;0,0;0,0;0,0;0,0;0,0;0,0;0,0;0,0;0,0;0,0;1,4;0,2;0,0;14,6;8,5;0,0;0,0;0,0;0,0;0,0;0,0;0,0;0,0;0,0;0,0;0,0;0,0;0,0;0,0;0,0;;1;1;1;1;1;1;1;1;1;1;1;1;1;1;1;1;1;1;1;1;1;1;1;1;1;1;1;1;1;1;0;
2249039;1;01/05/1964;1;30,8;45,8;1;4;1;1;0;1660;1;30,8;1,6;0,0;0,0;3,4;10,0;0,0;0,0;0,0;0,0;0,0;0,0;0,0;0,0;0,0;0,0;0,0;0,0;0,0;0,0;0,0;0,0;0,0;0,0;0,0;0,0;0,0;0,0;0,0;0,0;0,0;1;1;1;1;1;1;1;1;1;1;1;1;1;1;1;1;1;1;1;1;1;1;1;1;1;1;1;1;1;1;1;
2249039;1;01/04/1964;1;0,7;0,7;4;1;1;1;0;1660;1;0,0;0,0;0,0;0,7;0,0;0,0;0,0;0,0;0,0;0,0;0,0;0,0;0,0;0,0;0,0;0,0;0,0;0,0;0,0;0,0;0,0;0,0;0,0;0,0;0,0;0,0;0,0;0,0;0,0;0,0;;1;1;1;1;1;1;1;1;1;1;1;1;1;1;1;1;1;1;1;1;1;1;1;1;1;1;1;1;1;1;0;
2249039;1;01/03/1964;1;25,6;129,2;29;9;1;1;0;1660;1;0,0;0,0;15,7;0,0;0,0;0,0;0,2;21,6;0,0;0,0;0,0;0,0;0,0;0,0;16,4;8,5;0,0;0,0;0,0;0,0;0,0;0,0;0,0;0,0;0,0;0,0;0,4;16,5;25,6;24,3;0,0;1;1;1;1;1;1;1;1;1;1;1;1;1;1;1;1;1;1;1;1;1;1;1;1;1;1;1;1;1;1;1;
2249039;1;01/02/1964;1;70,8;386,5;16;20;1;1;0;1660;1;0,0;25,7;4,9;2,4;0,0;0,0;0,0;9,9;0,0;0,9;15,6;48,0;49,4;36,4;24,7;70,8;24,4;38,7;14,0;6,7;2,7;0,0;0,0;0,5;6,0;4,6;0,0;0,2;0,0;;;1;1;1;1;1;1;1;1;1;1;1;1;1;1;1;1;1;1;1;1;1;1;1;1;1;1;1;1;1;0;0;
2249039;1;01/01/1964;1;34,4;138,5;1;10;1;1;0;1660;1;34,4;14,1;0,0;34,3;0,0;0,0;0,0;8,3;0,0;0,0;0,0;0,0;0,0;0,0;0,0;0,0;0,0;0,0;15,6;0,0;0,0;0,0;19,4;3,8;0,0;4,0;3,0;0,0;0,0;0,0;1,6;1;1;1;1;1;1;1;1;1;1;1;1;1;1;1;1;1;1;1;1;1;1;1;1;1;1;1;1;1;1;1;
2249039;1;01/12/1963;1;25,2;78,5;20;7;1;1;0;702,900024414062;1;0,0;20,0;0,0;0,0;0,0;0,0;0,0;9,4;0,0;0,0;0,0;0,0;0,0;0,6;0,0;0,0;0,0;0,0;0,3;25,2;0,0;0,0;0,0;0,0;0,0;0,0;0,0;6,0;0,0;0,0;17,0;1;1;1;1;1;1;1;1;1;1;1;1;1;1;1;1;1;1;1;1;1;1;1;1;1;1;1;1;1;1;1;
2249039;1;01/11/1963;1;45,9;125,0;21;9;1;1;0;702,900024414062;1;0,0;2,7;0,0;0,0;0,0;0,0;0,0;12,1;7,8;0,0;0,0;0,0;0,0;18,0;0,0;18,7;0,0;0,6;0,0;15,4;45,9;0,0;0,0;0,0;0,0;0,0;0,0;0,0;0,0;3,8;;1;1;1;1;1;1;1;1;1;1;1;1;1;1;1;1;1;1;1;1;1;1;1;1;1;1;1;1;1;1;0;
2249039;1;01/10/1963;1;38,4;106,2;28;9;1;1;0;702,900024414062;1;0,0;0,0;0,0;7,6;0,0;14,4;14,4;0,0;0,0;0,0;0,0;0,0;0,0;0,0;0,0;0,0;0,0;2,4;3,8;0,0;0,0;20,3;0,0;0,0;0,7;0,0;4,2;38,4;0,0;0,0;0,0;1;1;1;1;1;1;1;1;1;1;1;1;1;1;1;1;1;1;1;1;1;1;1;1;1;1;1;1;1;1;1;
2249039;1;01/09/1963;1;10,3;17,6;22;3;1;1;0;702,900024414062;1;0,0;0,0;0,0;0,0;0,0;0,0;0,0;0,0;0,0;0,0;0,0;0,0;0,0;0,0;0,0;0,0;0,0;0,0;0,0;0,0;0,0;10,3;0,0;3,7;0,0;0,0;0,0;0,0;0,0;3,6;;1;1;1;1;1;1;1;1;1;1;1;1;1;1;1;1;1;1;1;1;1;1;1;1;1;1;1;1;1;1;0;
2249039;1;01/08/1963;1;0,0;0,0;1;;1;1;0;702,900024414062;1;0,0;0,0;0,0;0,0;0,0;0,0;0,0;0,0;0,0;0,0;0,0;0,0;0,0;0,0;0,0;0,0;0,0;0,0;0,0;0,0;0,0;0,0;0,0;0,0;0,0;0,0;0,0;0,0;0,0;0,0;0,0;1;1;1;1;1;1;1;1;1;1;1;1;1;1;1;1;1;1;1;1;1;1;1;1;1;1;1;1;1;1;1;
2249039;1;01/07/1963;1;0,0;0,0;1;;1;1;0;702,900024414062;1;0,0;0,0;0,0;0,0;0,0;0,0;0,0;0,0;0,0;0,0;0,0;0,0;0,0;0,0;0,0;0,0;0,0;0,0;0,0;0,0;0,0;0,0;0,0;0,0;0,0;0,0;0,0;0,0;0,0;0,0;0,0;1;1;1;1;1;1;1;1;1;1;1;1;1;1;1;1;1;1;1;1;1;1;1;1;1;1;1;1;1;1;1;
2249039;1;01/06/1963;1;0,0;0,0;1;;1;1;0;702,900024414062;1;0,0;0,0;0,0;0,0;0,0;0,0;0,0;0,0;0,0;0,0;0,0;0,0;0,0;0,0;0,0;0,0;0,0;0,0;0,0;0,0;0,0;0,0;0,0;0,0;0,0;0,0;0,0;0,0;0,0;0,0;;1;1;1;1;1;1;1;1;1;1;1;1;1;1;1;1;1;1;1;1;1;1;1;1;1;1;1;1;1;1;0;
2249039;1;01/05/1963;1;0,0;0,0;1;;1;1;0;702,900024414062;1;0,0;0,0;0,0;0,0;0,0;0,0;0,0;0,0;0,0;0,0;0,0;0,0;0,0;0,0;0,0;0,0;0,0;0,0;0,0;0,0;0,0;0,0;0,0;0,0;0,0;0,0;0,0;0,0;0,0;0,0;0,0;1;1;1;1;1;1;1;1;1;1;1;1;1;1;1;1;1;1;1;1;1;1;1;1;1;1;1;1;1;1;1;
2249039;1;01/04/1963;1;31,4;31,4;16;1;1;1;0;702,900024414062;1;0,0;0,0;0,0;0,0;0,0;0,0;0,0;0,0;0,0;0,0;0,0;0,0;0,0;0,0;0,0;31,4;0,0;0,0;0,0;0,0;0,0;0,0;0,0;0,0;0,0;0,0;0,0;0,0;0,0;0,0;;1;1;1;1;1;1;1;1;1;1;1;1;1;1;1;1;1;1;1;1;1;1;1;1;1;1;1;1;1;1;0;
2249039;1;01/03/1963;1;20,0;55,7;3;7;1;1;0;702,900024414062;1;0,0;0,0;20,0;0,1;0,0;0,0;0,0;17,2;0,0;0,0;0,0;5,9;0,0;0,0;0,0;0,0;0,0;0,0;0,0;0,0;0,0;2,1;0,0;5,0;0,0;0,0;5,4;0,0;0,0;0,0;0,0;1;1;1;1;1;1;1;1;1;1;1;1;1;1;1;1;1;1;1;1;1;1;1;1;1;1;1;1;1;1;1;
2249039;1;01/02/1963;1;21,7;98,8;4;10;1;1;0;702,900024414062;1;18,1;0,0;0,0;21,7;0,0;0,0;10,7;0,0;0,0;0,0;0,0;0,0;0,0;0,0;0,0;0,0;1,0;7,9;0,0;0,5;6,5;5,3;0,0;12,4;14,7;0,0;0,0;0,0;;;;1;1;1;1;1;1;1;1;1;1;1;1;1;1;1;1;1;1;1;1;1;1;1;1;1;1;1;1;0;0;0;
2249039;1;01/01/1963;1;33,8;189,7;25;21;1;1;0;702,900024414062;1;22,4;3,1;0,0;0,0;0,0;0,0;0,2;10,0;7,3;1,4;0,0;9,4;1,1;0,3;4,4;26,6;29,5;6,4;6,5;17,2;0,0;0,0;0,2;0,0;33,8;4,0;0,0;0,5;0,4;0,0;5,0;1;1;1;1;1;1;1;1;1;1;1;1;1;1;1;1;1;1;1;1;1;1;1;1;1;1;1;1;1;1;1;
2249039;1;01/12/1962;1;47,4;147,8;30;16;1;1;0;1281,30004882812;1;1,8;0,0;0,0;11,6;1,1;18,6;0,0;0,0;0,0;0,0;2,2;1,7;3,9;0,0;0,0;0,0;8,0;1,9;7,8;0,0;0,0;0,0;0,0;0,0;0,0;25,1;7,5;0,6;0,2;47,4;8,4;1;1;1;1;1;1;1;1;1;1;1;1;1;1;1;1;1;1;1;1;1;1;1;1;1;1;1;1;1;1;1;
2249039;1;01/11/1962;1;28,8;105,6;7;6;1;1;0;1281,30004882812;1;0,0;0,0;0,0;0,0;0,0;0,0;28,8;0,0;15,4;0,0;0,0;0,0;0,0;0,0;0,0;0,0;0,0;0,0;12,7;24,0;22,9;1,8;0,0;0,0;0,0;0,0;0,0;0,0;0,0;0,0;;1;1;1;1;1;1;1;1;1;1;1;1;1;1;1;1;1;1;1;1;1;1;1;1;1;1;1;1;1;1;0;
2249039;1;01/10/1962;1;27,6;186,9;4;15;1;1;0;1281,30004882812;1;21,7;10,5;17,7;27,6;0,0;0,0;0,0;7,8;10,9;1,9;10,6;6,2;0,0;0,0;0,0;0,0;0,0;12,4;14,2;14,4;0,0;0,0;0,0;0,0;0,0;0,0;0,0;0,0;24,2;2,4;4,4;1;1;1;1;1;1;1;1;1;1;1;1;1;1;1;1;1;1;1;1;1;1;1;1;1;1;1;1;1;1;1;
2249039;1;01/09/1962;1;5,9;19,7;30;8;1;1;0;1281,30004882812;1;0,0;0,0;0,0;0,0;0,0;0,0;0,6;0,0;3,8;0,0;0,0;0,5;0,0;4,0;0,0;0,0;0,0;0,0;0,0;0,0;0,4;0,0;0,2;0,0;0,0;0,0;0,0;0,0;4,3;5,9;;1;1;1;1;1;1;1;1;1;1;1;1;1;1;1;1;1;1;1;1;1;1;1;1;1;1;1;1;1;1;0;
2249039;1;01/08/1962;1;21,6;37,9;23;4;1;1;0;1281,30004882812;1;0,0;0,0;0,0;0,0;0,0;0,0;0,0;0,0;0,0;0,0;0,0;13,9;0,0;0,0;0,0;0,4;2,0;0,0;0,0;0,0;0,0;0,0;21,6;0,0;0,0;0,0;0,0;0,0;0,0;0,0;0,0;1;1;1;1;1;1;1;1;1;1;1;1;1;1;1;1;1;1;1;1;1;1;1;1;1;1;1;1;1;1;1;
2249039;1;01/07/1962;1;6,3;9,7;19;3;1;1;0;1281,30004882812;1;0,0;0,0;0,0;0,0;0,0;0,0;0,0;0,0;0,0;3,0;0,0;0,0;0,0;0,0;0,0;0,0;0,0;0,0;6,3;0,4;0,0;0,0;0,0;0,0;0,0;0,0;0,0;0,0;0,0;0,0;0,0;1;1;1;1;1;1;1;1;1;1;1;1;1;1;1;1;1;1;1;1;1;1;1;1;1;1;1;1;1;1;1;
2249039;1;01/06/1962;1;60,8;84,3;3;8;1;1;0;1281,30004882812;1;0,0;0,0;60,8;2,0;0,0;5,7;2,2;7,0;0,6;4,6;0,0;0,0;0,0;0,0;0,0;0,0;0,0;0,0;0,0;0,0;0,0;0,0;1,4;0,0;0,0;0,0;0,0;0,0;0,0;0,0;;1;1;1;1;1;1;1;1;1;1;1;1;1;1;1;1;1;1;1;1;1;1;1;1;1;1;1;1;1;1;0;
2249039;1;01/05/1962;1;9,4;15,2;3;4;1;1;0;1281,30004882812;1;0,0;0,0;9,4;1,4;0,0;0,0;0,0;0,0;0,0;0,0;0,0;0,0;0,0;0,0;0,0;0,0;2,0;0,0;0,0;0,0;0,0;0,0;0,0;0,0;0,0;0,0;0,0;0,0;2,4;0,0;0,0;1;1;1;1;1;1;1;1;1;1;1;1;1;1;1;1;1;1;1;1;1;1;1;1;1;1;1;1;1;1;1;
2249039;1;01/04/1962;1;40,6;71,9;19;7;1;1;0;1281,30004882812;1;0,0;0,0;0,2;3,9;0,0;0,0;0,0;0,0;0,0;2,2;0,0;0,0;0,0;0,0;0,0;0,0;3,1;0,0;40,6;0,0;0,0;0,0;0,0;0,0;0,0;0,0;0,0;0,0;13,3;8,6;;1;1;1;1;1;1;1;1;1;1;1;1;1;1;1;1;1;1;1;1;1;1;1;1;1;1;1;1;1;1;0;
2249039;1;01/03/1962;1;26,5;145,3;12;18;1;1;0;1281,30004882812;1;0,2;3,3;2,2;3,2;7,6;0,5;0,0;0,0;0,0;19,6;10,1;26,5;14,9;21,4;3,2;14,6;1,6;1,0;3,9;5,8;0,0;0,0;0,0;0,0;5,7;0,0;0,0;0,0;0,0;0,0;0,0;1;1;1;1;1;1;1;1;1;1;1;1;1;1;1;1;1;1;1;1;1;1;1;1;1;1;1;1;1;1;1;
2249039;1;01/02/1962;1;56,4;238,4;16;10;1;1;0;1281,30004882812;1;0,0;0,0;0,0;20,9;38,8;1,4;0,0;0,0;0,0;0,0;14,0;0,0;0,0;0,0;0,0;56,4;0,0;0,0;50,3;0,0;0,0;33,2;10,7;12,2;0,5;0,0;0,0;0,0;;;;1;1;1;1;1;1;1;1;1;1;1;1;1;1;1;1;1;1;1;1;1;1;1;1;1;1;1;1;0;0;0;
2249039;1;01/01/1962;1;39,1;218,6;8;12;1;1;0;1281,30004882812;1;0,0;0,0;5,1;3,0;0,0;0,0;0,0;39,1;3,1;33,0;0,0;0,0;0,0;0,0;37,8;9,3;11,4;1,6;39,0;0,0;0,0;0,0;0,0;1,6;0,0;34,6;0,0;0,0;0,0;0,0;0,0;1;1;1;1;1;1;1;1;1;1;1;1;1;1;1;1;1;1;1;1;1;1;1;1;1;1;1;1;1;1;1;
2249039;1;01/12/1961;1;90,7;253,1;26;18;1;1;0;1186,19995117188;1;0,0;17,8;1,4;24,0;0,0;0,0;0,0;4,0;0,0;0,0;0,0;0,0;10,4;0,0;0,0;18,4;17,4;2,6;2,1;3,3;0,2;0,2;0,0;18,6;12,0;90,7;3,4;1,7;24,9;0,0;0,0;1;1;1;1;1;1;1;1;1;1;1;1;1;1;1;1;1;1;1;1;1;1;1;1;1;1;1;1;1;1;1;
2249039;1;01/11/1961;1;49,9;127,7;12;11;1;1;0;1186,19995117188;1;19,6;1,6;0,0;0,0;0,0;0,0;11,0;0,0;0,0;0,0;0,0;49,9;0,0;0,4;19,4;0,0;0,0;0,0;0,0;1,8;0,0;0,0;16,5;0,0;0,0;0,0;1,8;2,4;3,3;0,0;;1;1;1;1;1;1;1;1;1;1;1;1;1;1;1;1;1;1;1;1;1;1;1;1;1;1;1;1;1;1;0;
2249039;1;01/10/1961;1;18,2;79,4;31;10;1;1;0;1186,19995117188;1;0,0;0,0;0,0;0,0;0,0;0,0;0,0;0,0;1,6;0,0;10,5;0,0;0,0;0,0;0,0;14,6;2,6;14,1;0,0;3,2;0,0;0,0;0,0;0,0;0,0;4,0;10,0;0,0;0,6;0,0;18,2;1;1;1;1;1;1;1;1;1;1;1;1;1;1;1;1;1;1;1;1;1;1;1;1;1;1;1;1;1;1;1;
2249039;1;01/09/1961;1;25,3;25,7;29;2;1;1;0;1186,19995117188;1;0,0;0,0;0,0;0,0;0,0;0,0;0,4;0,0;0,0;0,0;0,0;0,0;0,0;0,0;0,0;0,0;0,0;0,0;0,0;0,0;0,0;0,0;0,0;0,0;0,0;0,0;0,0;0,0;25,3;0,0;;1;1;1;1;1;1;1;1;1;1;1;1;1;1;1;1;1;1;1;1;1;1;1;1;1;1;1;1;1;1;0;
2249039;1;01/08/1961;1;3,7;5,3;26;2;1;1;0;1186,19995117188;1;0,0;0,0;0,0;0,0;0,0;0,0;0,0;0,0;0,0;0,0;0,0;0,0;0,0;0,0;0,0;0,0;0,0;0,0;0,0;0,0;0,0;0,0;0,0;0,0;0,0;3,7;0,0;0,0;0,0;1,6;0,0;1;1;1;1;1;1;1;1;1;1;1;1;1;1;1;1;1;1;1;1;1;1;1;1;1;1;1;1;1;1;1;
2249039;1;01/07/1961;1;0,0;0,0;1;;1;1;0;1186,19995117188;1;0,0;0,0;0,0;0,0;0,0;0,0;0,0;0,0;0,0;0,0;0,0;0,0;0,0;0,0;0,0;0,0;0,0;0,0;0,0;0,0;0,0;0,0;0,0;0,0;0,0;0,0;0,0;0,0;0,0;0,0;0,0;1;1;1;1;1;1;1;1;1;1;1;1;1;1;1;1;1;1;1;1;1;1;1;1;1;1;1;1;1;1;1;
2249039;1;01/06/1961;1;1,7;3,3;16;2;1;1;0;1186,19995117188;1;0,0;0,0;0,0;0,0;0,0;0,0;0,0;0,0;0,0;0,0;0,0;0,0;0,0;0,0;1,6;1,7;0,0;0,0;0,0;0,0;0,0;0,0;0,0;0,0;0,0;0,0;0,0;0,0;0,0;0,0;;1;1;1;1;1;1;1;1;1;1;1;1;1;1;1;1;1;1;1;1;1;1;1;1;1;1;1;1;1;1;0;
2249039;1;01/05/1961;1;21,6;51,4;4;3;1;1;0;1186,19995117188;1;0,0;0,0;14,8;21,6;0,0;0,0;0,0;0,0;0,0;15,0;0,0;0,0;0,0;0,0;0,0;0,0;0,0;0,0;0,0;0,0;0,0;0,0;0,0;0,0;0,0;0,0;0,0;0,0;0,0;0,0;0,0;1;1;1;1;1;1;1;1;1;1;1;1;1;1;1;1;1;1;1;1;1;1;1;1;1;1;1;1;1;1;1;
2249039;1;01/04/1961;1;29,8;95,1;5;8;1;1;0;1186,19995117188;1;0,0;0,0;3,9;4,0;29,8;13,6;0,0;0,0;0,0;0,0;0,0;0,0;0,0;0,0;0,0;0,0;0,0;0,0;0,0;0,0;14,0;0,3;13,3;0,0;0,0;16,2;0,0;0,0;0,0;0,0;;1;1;1;1;1;1;1;1;1;1;1;1;1;1;1;1;1;1;1;1;1;1;1;1;1;1;1;1;1;1;0;
2249039;1;01/03/1961;1;32,6;137,4;18;12;1;1;0;1186,19995117188;1;19,3;0,0;0,0;0,0;0,0;0,0;0,4;0,2;0,4;0,0;0,0;0,0;5,1;0,0;5,0;11,1;0,0;32,6;7,8;20,6;31,9;3,0;0,0;0,0;0,0;0,0;0,0;0,0;0,0;0,0;0,0;1;1;1;1;1;1;1;1;1;1;1;1;1;1;1;1;1;1;1;1;1;1;1;1;1;1;1;1;1;1;1;
2249039;1;01/02/1961;1;56,0;261,6;28;22;1;1;0;1186,19995117188;1;0,8;0,0;20,6;15,5;29,6;0,6;20,3;0,0;0,0;25,8;10,9;2,2;0,4;0,4;0,0;0,0;0,2;14,1;1,6;2,6;0,0;3,4;4,4;7,6;21,3;0,7;22,6;56,0;;;;1;1;1;1;1;1;1;1;1;1;1;1;1;1;1;1;1;1;1;1;1;1;1;1;1;1;1;1;0;0;0;
2249039;1;01/01/1961;1;42,0;146,2;2;16;1;1;0;1186,19995117188;1;0,0;42,0;10,0;0,1;1,8;7,6;1,7;20,6;0,0;21,7;7,5;0,0;0,0;8,0;1,9;11,7;0,0;0,6;0,0;9,9;0,0;0,0;0,0;0,0;0,0;0,0;0,0;0,0;0,8;0,3;0,0;1;1;1;1;1;1;1;1;1;1;1;1;1;1;1;1;1;1;1;1;1;1;1;1;1;1;1;1;1;1;1;
2249039;1;01/12/1957;1;41,8;147,3;15;16;1;1;0;1457,59997558594;1;13,0;0,0;0,9;0,8;0,0;0,0;12,6;11,8;0,0;0,0;0,4;8,4;6,2;8,8;41,8;9,7;18,3;0,6;0,0;0,0;0,0;0,2;0,0;0,0;0,0;3,7;0,0;0,0;0,0;0,0;10,1;1;1;1;1;1;1;1;1;1;1;1;1;1;1;1;1;1;1;1;1;1;1;1;1;1;1;1;1;1;1;1;
2249039;1;01/11/1957;1;9,7;55,3;18;10;1;1;0;1457,59997558594;1;0,0;0,0;0,0;2,3;0,0;0,0;0,0;5,6;9,1;0,0;0,0;0,0;8,4;5,2;0,0;0,0;2,4;9,7;0,0;1,4;4,4;0,0;0,0;0,0;6,8;0,0;0,0;0,0;0,0;0,0;;1;1;1;1;1;1;1;1;1;1;1;1;1;1;1;1;1;1;1;1;1;1;1;1;1;1;1;1;1;1;0;
2249039;1;01/10/1957;1;32,8;76,5;27;5;1;1;0;1457,59997558594;1;0,0;0,0;0,0;0,0;0,0;0,0;0,0;0,0;0,0;0,0;0,0;14,4;0,0;0,0;0,0;0,0;0,0;0,0;0,0;0,0;0,0;0,0;0,0;3,1;0,0;0,0;32,8;24,4;0,0;1,8;0,0;1;1;1;1;1;1;1;1;1;1;1;1;1;1;1;1;1;1;1;1;1;1;1;1;1;1;1;1;1;1;1;
2249039;1;01/09/1957;1;24,4;116,1;8;9;1;1;0;1457,59997558594;1;0,0;0,0;12,1;12,9;0,0;0,0;0,0;24,4;7,4;0,0;0,0;0,0;17,3;0,0;0,0;2,4;0,0;0,0;0,0;0,0;0,0;12,7;23,0;3,9;0,0;0,0;0,0;0,0;0,0;0,0;;1;1;1;1;1;1;1;1;1;1;1;1;1;1;1;1;1;1;1;1;1;1;1;1;1;1;1;1;1;1;0;
2249039;1;01/08/1957;1;19,5;50,0;19;7;1;1;0;1457,59997558594;1;0,0;0,0;0,0;0,0;0,0;0,0;0,0;0,0;0,0;0,0;0,0;0,0;0,0;3,6;0,0;0,0;15,7;2,6;19,5;0,3;0,0;0,1;0,0;0,0;0,0;0,0;0,0;0,0;0,0;0,0;8,2;1;1;1;1;1;1;1;1;1;1;1;1;1;1;1;1;1;1;1;1;1;1;1;1;1;1;1;1;1;1;1;
2249039;1;01/07/1957;1;50,2;242,9;16;11;1;1;0;1457,59997558594;1;1,1;10,6;7,4;41,8;46,0;0,0;0,0;0,0;0,0;0,0;0,0;0,0;0,0;0,0;0,0;50,2;34,8;27,4;7,3;14,7;0,0;0,0;0,0;0,0;1,6;0,0;0,0;0,0;0,0;0,0;0,0;1;1;1;1;1;1;1;1;1;1;1;1;1;1;1;1;1;1;1;1;1;1;1;1;1;1;1;1;1;1;1;
2249039;1;01/06/1957;1;34,4;48,1;8;5;1;1;0;1457,59997558594;1;0,0;0,0;0,4;0,0;0,0;0,0;0,0;34,4;0,0;0,0;1,0;0,0;0,0;0,0;0,0;0,0;0,0;0,0;0,0;0,0;0,0;0,0;0,0;0,0;0,0;0,0;0,0;0,0;5,1;7,2;;1;1;1;1;1;1;1;1;1;1;1;1;1;1;1;1;1;1;1;1;1;1;1;1;1;1;1;1;1;1;0;
2249039;1;01/05/1957;1;10,5;21,6;10;4;1;1;0;1457,59997558594;1;4,9;0,0;0,0;0,0;0,0;0,0;2,0;0,0;0,0;10,5;0,0;0,0;0,0;0,0;0,0;0,0;4,2;0,0;0,0;0,0;0,0;0,0;0,0;0,0;0,0;0,0;0,0;0,0;0,0;0,0;0,0;1;1;1;1;1;1;1;1;1;1;1;1;1;1;1;1;1;1;1;1;1;1;1;1;1;1;1;1;1;1;1;
2249039;1;01/04/1957;1;26,0;87,2;1;8;1;1;0;1457,59997558594;1;26,0;0,4;0,2;0,0;0,0;2,8;0,0;0,0;0,0;0,0;0,0;0,0;0,0;0,0;21,4;3,4;0,0;0,0;0,0;0,0;0,0;0,0;0,0;0,0;0,0;0,0;9,8;0,0;0,0;23,2;;1;1;1;1;1;1;1;1;1;1;1;1;1;1;1;1;1;1;1;1;1;1;1;1;1;1;1;1;1;1;0;
2249039;1;01/03/1957;1;84,4;132,5;22;11;1;1;0;1457,59997558594;1;0,0;0,0;0,0;0,0;0,0;0,0;0,7;1,6;0,0;1,6;0,0;0,1;0,0;0,0;0,0;0,0;0,0;0,0;0,0;0,0;0,5;84,4;23,8;0,0;0,0;0,6;12,4;0,0;0,0;2,6;4,2;1;1;1;1;1;1;1;1;1;1;1;1;1;1;1;1;1;1;1;1;1;1;1;1;1;1;1;1;1;1;1;
2249039;1;01/02/1957;1;30,0;132,4;11;13;1;1;0;1457,59997558594;1;0,0;5,6;21,0;5,7;0,0;0,0;0,4;4,7;1,7;10,6;30,0;0,0;0,0;0,0;18,3;21,9;0,5;0,0;0,0;0,0;0,0;0,0;0,0;0,0;0,0;4,7;7,3;0,0;;;;1;1;1;1;1;1;1;1;1;1;1;1;1;1;1;1;1;1;1;1;1;1;1;1;1;1;1;1;0;0;0;
2249039;1;01/01/1957;1;78,0;347,7;15;16;1;1;0;1457,59997558594;1;1,7;0,0;0,0;0,0;0,0;22,0;0,0;0,0;9,8;21,0;54,7;0,7;0,0;0,0;78,0;27,1;68,1;1,8;0,0;11,0;0,0;0,0;0,0;23,8;13,1;7,8;0,0;6,9;0,0;0,0;0,2;1;1;1;1;1;1;1;1;1;1;1;1;1;1;1;1;1;1;1;1;1;1;1;1;1;1;1;1;1;1;1;
2249039;1;01/12/1956;1;28,2;90,1;7;8;1;1;0;1172;1;0,0;0,0;0,0;0,0;0,0;2,2;28,2;1,0;0,0;0,0;0,0;0,0;0,0;13,8;0,0;0,8;0,0;0,0;0,0;18,6;0,0;0,0;0,0;19,2;6,3;0,0;0,0;0,0;0,0;0,0;0,0;1;1;1;1;1;1;1;1;1;1;1;1;1;1;1;1;1;1;1;1;1;1;1;1;1;1;1;1;1;1;1;
2249039;1;01/11/1956;1;8,6;9,9;23;2;1;1;0;1172;1;0,0;0,0;0,0;0,0;0,0;0,0;0,0;0,0;0,0;0,0;0,0;0,0;0,0;0,0;0,0;0,0;0,0;0,0;0,0;0,0;0,0;0,0;8,6;0,0;0,0;1,3;0,0;0,0;0,0;0,0;;1;1;1;1;1;1;1;1;1;1;1;1;1;1;1;1;1;1;1;1;1;1;1;1;1;1;1;1;1;1;0;
2249039;1;01/10/1956;1;30,2;135,7;23;8;1;1;0;1172;1;0,0;0,0;0,0;0,0;0,0;0,0;0,0;0,0;0,0;1,1;29,4;16,6;0,0;0,0;0,0;0,0;0,0;2,7;0,0;0,0;0,0;0,0;30,2;0,0;0,0;0,0;0,0;25,6;0,4;29,7;0,0;1;1;1;1;1;1;1;1;1;1;1;1;1;1;1;1;1;1;1;1;1;1;1;1;1;1;1;1;1;1;1;
2249039;1;01/09/1956;1;39,0;72,8;10;8;1;1;0;1172;1;0,0;0,0;0,0;0,0;0,0;0,0;0,0;0,0;0,0;39,0;13,5;0,0;0,0;12,3;0,2;0,0;2,0;0,0;0,0;0,0;0,0;0,0;0,0;0,0;0,0;2,6;0,0;0,6;0,0;2,6;;1;1;1;1;1;1;1;1;1;1;1;1;1;1;1;1;1;1;1;1;1;1;1;1;1;1;1;1;1;1;0;
2249039;1;01/08/1956;1;20,1;61,5;1;5;1;1;0;1172;1;20,1;0,0;14,6;8,6;0,0;0,0;14,6;3,6;0,0;0,0;0,0;0,0;0,0;0,0;0,0;0,0;0,0;0,0;0,0;0,0;0,0;0,0;0,0;0,0;0,0;0,0;0,0;0,0;0,0;0,0;0,0;1;1;1;1;1;1;1;1;1;1;1;1;1;1;1;1;1;1;1;1;1;1;1;1;1;1;1;1;1;1;1;
2249039;1;01/07/1956;1;39,0;105,3;24;8;1;1;0;1172;1;0,0;0,0;0,0;0,0;0,0;0,0;1,7;0,0;0,0;0,0;0,0;0,0;0,0;7,7;0,0;0,0;0,0;0,0;0,0;3,8;0,0;0,0;25,9;39,0;0,0;0,0;0,0;10,0;0,0;10,0;7,2;1;1;1;1;1;1;1;1;1;1;1;1;1;1;1;1;1;1;1;1;1;1;1;1;1;1;1;1;1;1;1;
2249039;1;01/06/1956;1;45,0;154,6;1;11;1;1;0;1172;1;45,0;11,7;2,4;0,0;0,0;0,0;0,0;0,0;3,7;6,0;24,6;23,3;12,7;0,5;20,3;0,0;0,0;0,0;0,0;0,0;0,0;0,0;0,0;0,0;0,0;0,0;4,4;0,0;0,0;0,0;;1;1;1;1;1;1;1;1;1;1;1;1;1;1;1;1;1;1;1;1;1;1;1;1;1;1;1;1;1;1;0;
2249039;1;01/05/1956;1;52,6;157,4;26;12;1;1;0;1172;1;0,0;21,2;1,1;0,0;37,4;1,4;13,6;15,2;0,0;0,0;0,0;0,0;0,0;0,0;0,0;0,0;0,0;0,0;0,0;0,0;1,7;0,6;0,0;2,2;10,0;52,6;0,4;0,0;0,0;0,0;0,0;1;1;1;1;1;1;1;1;1;1;1;1;1;1;1;1;1;1;1;1;1;1;1;1;1;1;1;1;1;1;1;
2249039;1;01/04/1956;1;49,0;124,4;28;13;1;1;0;1172;1;0,0;0,0;0,0;0,0;0,0;0,2;33,9;11,1;0,0;0,6;2,6;0,0;0,0;0,0;0,0;1,6;0,0;0,0;0,0;5,9;0,0;0,0;0,0;0,3;6,0;11,7;0,0;49,0;1,3;0,2;;1;1;1;1;1;1;1;1;1;1;1;1;1;1;1;1;1;1;1;1;1;1;1;1;1;1;1;1;1;1;0;
2249039;1;01/03/1956;1;24,1;35,6;13;8;1;1;0;1172;1;1,3;0,1;0,0;0,0;0,0;0,0;0,0;0,0;0,0;0,0;4,9;0,0;24,1;0,0;2,9;0,0;0,0;1,6;0,0;0,0;0,0;0,0;0,0;0,1;0,6;0,0;0,0;0,0;0,0;0,0;0,0;1;1;1;1;1;1;1;1;1;1;1;1;1;1;1;1;1;1;1;1;1;1;1;1;1;1;1;1;1;1;1;
2249039;1;01/02/1956;1;18,0;101,1;16;15;1;1;0;1172;1;0,0;0,0;0,0;0,0;0,0;0,0;0,0;0,0;0,0;13,9;6,4;6,1;8,6;0,3;0,6;18,0;0,4;10,8;0,0;12,7;0,0;0,0;4,0;8,8;3,8;0,4;6,3;0,0;0,0;;;1;1;1;1;1;1;1;1;1;1;1;1;1;1;1;1;1;1;1;1;1;1;1;1;1;1;1;1;1;0;0;
2249039;1;01/01/1956;1;45,2;123,6;18;12;1;1;0;1172;1;3,1;10,0;10,4;15,3;5,0;7,8;0,0;0,0;0,0;0,0;0,0;0,0;0,0;0,0;0,0;0,0;0,0;45,2;0,0;18,8;0,2;0,0;0,0;0,0;0,0;0,0;6,9;0,3;0,0;0,0;0,6;1;1;1;1;1;1;1;1;1;1;1;1;1;1;1;1;1;1;1;1;1;1;1;1;1;1;1;1;1;1;1;
2249039;1;01/12/1955;1;52,0;167,2;3;14;1;1;0;1031;1;0,0;2,4;52,0;17,0;0,0;0,0;0,0;0,0;0,0;0,0;0,0;0,2;21,0;15,0;0,0;0,0;14,7;17,6;0,1;0,0;0,0;0,0;0,0;0,0;0,0;0,4;0,0;1,3;17,0;4,4;4,1;1;1;1;1;1;1;1;1;1;1;1;1;1;1;1;1;1;1;1;1;1;1;1;1;1;1;1;1;1;1;1;
2249039;1;01/11/1955;1;31,0;91,8;22;8;1;1;0;1031;1;3,6;17,0;16,6;0,0;0,0;0,0;0,0;0,0;11,4;4,6;0,0;0,0;0,0;0,0;0,0;0,0;0,0;6,0;1,6;0,0;0,0;31,0;0,0;0,0;0,0;0,0;0,0;0,0;0,0;0,0;;1;1;1;1;1;1;1;1;1;1;1;1;1;1;1;1;1;1;1;1;1;1;1;1;1;1;1;1;1;1;0;
2249039;1;01/10/1955;1;42,2;77,2;28;5;1;1;0;1031;1;0,0;0,0;0,0;0,0;0,0;0,0;1,0;0,4;0,0;0,0;0,0;0,0;33,3;0,0;0,0;0,0;0,0;0,0;0,0;0,0;0,3;0,0;0,0;0,0;0,0;0,0;0,0;42,2;0,0;0,0;0,0;1;1;1;1;1;1;1;1;1;1;1;1;1;1;1;1;1;1;1;1;1;1;1;1;1;1;1;1;1;1;1;
2249039;1;01/09/1955;1;0,0;0,0;1;;1;1;0;1031;1;0,0;0,0;0,0;0,0;0,0;0,0;0,0;0,0;0,0;0,0;0,0;0,0;0,0;0,0;0,0;0,0;0,0;0,0;0,0;0,0;0,0;0,0;0,0;0,0;0,0;0,0;0,0;0,0;0,0;0,0;;1;1;1;1;1;1;1;1;1;1;1;1;1;1;1;1;1;1;1;1;1;1;1;1;1;1;1;1;1;1;0;
2249039;1;01/08/1955;1;16,8;44,8;27;6;1;1;0;1031;1;0,0;0,0;0,0;0,0;0,0;0,0;0,0;0,0;0,0;0,0;5,0;0,0;0,0;0,0;0,0;0,0;0,0;0,0;0,0;0,0;0,0;0,0;0,0;0,0;0,0;5,0;16,8;10,8;3,2;4,0;0,0;1;1;1;1;1;1;1;1;1;1;1;1;1;1;1;1;1;1;1;1;1;1;1;1;1;1;1;1;1;1;1;
2249039;1;01/07/1955;1;19,2;25,3;5;4;1;1;0;1031;1;0,0;0,0;5,6;0,0;19,2;0,0;0,0;0,3;0,0;0,0;0,0;0,0;0,0;0,0;0,0;0,0;0,0;0,0;0,0;0,0;0,0;0,0;0,0;0,0;0,0;0,0;0,0;0,0;0,0;0,0;0,2;1;1;1;1;1;1;1;1;1;1;1;1;1;1;1;1;1;1;1;1;1;1;1;1;1;1;1;1;1;1;1;
2249039;1;01/06/1955;1;30,8;67,6;13;6;1;1;0;1031;1;2,8;0,0;0,0;0,0;0,0;0,7;0,0;0,0;13,7;9,4;0,0;0,0;30,8;10,2;0,0;0,0;0,0;0,0;0,0;0,0;0,0;0,0;0,0;0,0;0,0;0,0;0,0;0,0;0,0;0,0;;1;1;1;1;1;1;1;1;1;1;1;1;1;1;1;1;1;1;1;1;1;1;1;1;1;1;1;1;1;1;0;
2249039;1;01/05/1955;1;6,7;16,4;31;5;1;1;0;1031;1;0,0;0,0;0,0;0,0;0,0;0,0;0,0;0,0;0,0;0,0;0,0;0,0;0,0;0,0;0,0;0,0;3,4;0,0;0,0;5,1;0,0;0,0;0,0;1,0;0,0;0,0;0,0;0,0;0,0;0,2;6,7;1;1;1;1;1;1;1;1;1;1;1;1;1;1;1;1;1;1;1;1;1;1;1;1;1;1;1;1;1;1;1;
2249039;1;01/04/1955;1;49,6;90,1;16;7;1;1;0;1031;1;0,0;0,0;0,0;0,0;0,0;0,0;0,0;0,0;0,0;0,0;13,1;0,0;0,3;0,0;6,3;49,6;10,8;0,0;0,0;0,0;0,0;0,0;0,0;0,0;0,0;0,0;0,0;5,3;4,7;0,0;;1;1;1;1;1;1;1;1;1;1;1;1;1;1;1;1;1;1;1;1;1;1;1;1;1;1;1;1;1;1;0;
2249039;1;01/03/1955;1;26,3;149,6;28;12;1;1;0;1031;1;0,3;19,3;8,6;18,4;0,0;23,8;4,8;0,0;0,0;0,0;15,3;0,0;0,0;0,0;0,0;6,4;0,0;0,0;0,0;0,0;0,0;0,0;3,7;0,0;0,0;0,0;0,0;26,3;0,0;22,3;0,4;1;1;1;1;1;1;1;1;1;1;1;1;1;1;1;1;1;1;1;1;1;1;1;1;1;1;1;1;1;1;1;
2249039;1;01/02/1955;1;35,6;153,3;28;11;1;1;0;1031;1;0,9;23,7;3,4;0,0;0,0;0,0;0,0;0,0;0,0;0,0;1,8;0,0;17,6;0,0;0,0;0,0;0,0;0,0;0,0;0,0;0,5;8,0;13,0;13,4;0,0;0,0;35,4;35,6;;;;1;1;1;1;1;1;1;1;1;1;1;1;1;1;1;1;1;1;1;1;1;1;1;1;1;1;1;1;0;0;0;
2249039;1;01/01/1955;1;26,6;147,7;3;17;1;1;0;1031;1;0,0;3,4;26,6;1,4;3,9;18,9;0,0;0,0;0,0;0,0;11,0;10,4;0,3;15,3;13,4;3,1;0,6;25,0;0,0;0,0;0,0;0,0;0,4;12,0;0,0;0,0;0,8;1,2;0,0;0,0;0,0;1;1;1;1;1;1;1;1;1;1;1;1;1;1;1;1;1;1;1;1;1;1;1;1;1;1;1;1;1;1;1;
2249039;1;01/12/1954;1;58,0;257,8;11;14;1;1;0;1325,30004882812;1;0,0;0,0;25,0;9,0;26,8;0,0;0,0;4,2;0,0;0,0;58,0;0,0;55,4;0,0;0,0;1,0;40,0;1,0;23,9;8,0;0,0;1,2;0,0;0,0;0,0;0,0;0,0;2,3;2,0;0,0;0,0;1;1;1;1;1;1;1;1;1;1;1;1;1;1;1;1;1;1;1;1;1;1;1;1;1;1;1;1;1;1;1;
2249039;1;01/11/1954;1;14,0;17,2;11;2;1;1;0;1325,30004882812;1;0,0;0,0;0,0;0,0;0,0;0,0;0,0;0,0;0,0;0,0;14,0;0,0;0,0;0,0;0,0;0,0;0,0;0,0;0,0;0,0;0,0;0,0;0,0;3,2;0,0;0,0;0,0;0,0;0,0;0,0;;1;1;1;1;1;1;1;1;1;1;1;1;1;1;1;1;1;1;1;1;1;1;1;1;1;1;1;1;1;1;0;
2249039;1;01/10/1954;1;30,3;90,6;1;9;1;1;0;1325,30004882812;1;30,3;0,2;0,0;0,0;0,0;0,0;0,0;0,0;0,0;0,0;0,3;0,0;0,0;1,1;0,0;4,4;0,0;0,0;0,0;0,0;5,8;2,0;0,0;0,0;0,0;0,0;0,0;24,6;0,0;21,9;0,0;1;1;1;1;1;1;1;1;1;1;1;1;1;1;1;1;1;1;1;1;1;1;1;1;1;1;1;1;1;1;1;
2249039;1;01/09/1954;1;4,0;9,4;28;7;1;1;0;1325,30004882812;1;0,0;0,0;0,0;0,0;0,0;0,0;0,0;0,0;0,0;0,0;0,0;0,0;0,0;0,0;0,0;0,0;0,0;0,0;0,0;0,8;0,0;2,2;0,8;0,0;0,0;0,3;0,7;4,0;0,0;0,6;;1;1;1;1;1;1;1;1;1;1;1;1;1;1;1;1;1;1;1;1;1;1;1;1;1;1;1;1;1;1;0;
2249039;1;01/08/1954;1;0,0;0,0;1;;1;1;0;1325,30004882812;1;0,0;0,0;0,0;0,0;0,0;0,0;0,0;0,0;0,0;0,0;0,0;0,0;0,0;0,0;0,0;0,0;0,0;0,0;0,0;0,0;0,0;0,0;0,0;0,0;0,0;0,0;0,0;0,0;0,0;0,0;0,0;1;1;1;1;1;1;1;1;1;1;1;1;1;1;1;1;1;1;1;1;1;1;1;1;1;1;1;1;1;1;1;
2249039;1;01/07/1954;1;9,4;13,4;16;2;1;1;0;1325,30004882812;1;0,0;0,0;0,0;0,0;0,0;0,0;0,0;0,0;0,0;0,0;0,0;0,0;0,0;0,0;0,0;9,4;0,0;0,0;0,0;0,0;0,0;0,0;0,0;0,0;0,0;0,0;0,0;4,0;0,0;0,0;0,0;1;1;1;1;1;1;1;1;1;1;1;1;1;1;1;1;1;1;1;1;1;1;1;1;1;1;1;1;1;1;1;
2249039;1;01/06/1954;1;40,7;94,5;6;8;1;1;0;1325,30004882812;1;0,0;0,0;0,0;2,1;22,9;40,7;18,8;2,3;0,0;0,0;0,0;0,0;0,0;0,0;0,0;0,0;0,0;0,0;4,1;0,0;0,0;1,0;2,6;0,0;0,0;0,0;0,0;0,0;0,0;0,0;;1;1;1;1;1;1;1;1;1;1;1;1;1;1;1;1;1;1;1;1;1;1;1;1;1;1;1;1;1;1;0;
2249039;1;01/05/1954;1;38,0;165,5;9;10;1;1;0;1325,30004882812;1;0,0;0,0;0,0;0,0;0,0;0,0;7,8;0,0;38,0;18,4;26,7;0,0;6,0;3,6;0,0;0,0;27,8;6,7;15,7;0,0;14,8;0,0;0,0;0,0;0,0;0,0;0,0;0,0;0,0;0,0;0,0;1;1;1;1;1;1;1;1;1;1;1;1;1;1;1;1;1;1;1;1;1;1;1;1;1;1;1;1;1;1;1;
2249039;1;01/04/1954;1;41,0;68,6;28;3;1;1;0;1325,30004882812;1;0,0;0,0;8,6;0,0;0,0;0,0;0,0;0,0;0,0;0,0;0,0;0,0;0,0;0,0;0,0;0,0;0,0;0,0;0,0;0,0;0,0;0,0;0,0;0,0;0,0;0,0;0,0;41,0;0,0;19,0;;1;1;1;1;1;1;1;1;1;1;1;1;1;1;1;1;1;1;1;1;1;1;1;1;1;1;1;1;1;1;0;
2249039;1;01/03/1954;1;31,7;62,2;11;9;1;1;0;1325,30004882812;1;0,0;0,0;0,0;0,0;0,0;0,0;0,0;0,0;2,1;3,0;31,7;0,0;1,2;0,0;0,0;0,0;0,0;0,0;12,7;0,0;0,0;0,0;0,0;0,0;0,0;0,0;0,5;0,4;0,0;0,6;10,0;1;1;1;1;1;1;1;1;1;1;1;1;1;1;1;1;1;1;1;1;1;1;1;1;1;1;1;1;1;1;1;
2249039;1;01/02/1954;1;104,0;313,5;1;13;1;1;0;1325,30004882812;1;104,0;0,0;0,0;0,4;33,0;45,0;88,0;12,7;0,0;0,0;0,0;0,0;0,4;0,6;1,0;0,0;20,8;0,2;6,6;0,0;0,0;0,0;0,0;0,0;0,0;0,0;0,8;0,0;;;;1;1;1;1;1;1;1;1;1;1;1;1;1;1;1;1;1;1;1;1;1;1;1;1;1;1;1;1;0;0;0;
2249039;1;01/01/1954;1;48,2;232,6;3;15;1;1;0;1325,30004882812;1;0,0;1,2;48,2;31,6;40,0;25,3;7,7;10,1;0,2;0,0;0,6;0,0;0,0;0,0;0,0;0,0;0,0;0,0;23,4;0,0;0,0;5,7;9,4;22,2;0,0;5,8;0,0;0,0;1,2;0,0;0,0;1;1;1;1;1;1;1;1;1;1;1;1;1;1;1;1;1;1;1;1;1;1;1;1;1;1;1;1;1;1;1;
2249039;1;01/12/1953;1;23,0;66,3;1;8;1;1;0;1070,30004882812;1;23,0;4,3;4,2;0,0;0,0;0,0;0,0;0,0;0,0;0,0;0,0;0,0;20,3;0,0;0,0;0,0;8,3;0,0;0,0;0,0;0,0;0,0;0,0;0,0;0,0;0,0;0,2;2,3;3,7;0,0;0,0;1;1;1;1;1;1;1;1;1;1;1;1;1;1;1;1;1;1;1;1;1;1;1;1;1;1;1;1;1;1;1;
2249039;1;01/11/1953;1;61,4;161,4;1;12;1;1;0;1070,30004882812;1;61,4;33,0;0,0;0,0;0,0;0,0;3,2;2,0;0,0;0,0;0,0;9,0;17,8;1,2;6,8;8,0;0,0;0,0;0,0;16,1;0,0;0,0;0,0;0,0;0,0;0,0;0,0;0,0;1,9;1,0;;1;1;1;1;1;1;1;1;1;1;1;1;1;1;1;1;1;1;1;1;1;1;1;1;1;1;1;1;1;1;0;
2249039;1;01/10/1953;1;58,0;122,2;7;12;1;1;0;1070,30004882812;1;0,0;0,0;2,6;1,7;16,0;4,4;58,0;0,0;0,0;0,0;0,0;0,0;0,0;2,0;0,3;0,0;12,2;3,6;9,8;0,0;0,0;0,0;1,2;0,0;0,0;0,0;0,0;0,0;0,0;0,0;10,4;1;1;1;1;1;1;1;1;1;1;1;1;1;1;1;1;1;1;1;1;1;1;1;1;1;1;1;1;1;1;1;
2249039;1;01/09/1953;1;22,8;86,3;12;7;1;1;0;1070,30004882812;1;0,0;0,0;0,0;0,0;0,0;0,0;10,0;0,0;6,8;0,0;0,0;22,8;0,0;0,0;19,4;15,0;0,0;0,0;0,0;0,0;4,6;0,0;0,0;7,7;0,0;0,0;0,0;0,0;0,0;0,0;;1;1;1;1;1;1;1;1;1;1;1;1;1;1;1;1;1;1;1;1;1;1;1;1;1;1;1;1;1;1;0;
2249039;1;01/08/1953;1;16,0;21,0;24;2;1;1;0;1070,30004882812;1;0,0;0,0;0,0;0,0;0,0;0,0;0,0;0,0;0,0;0,0;0,0;0,0;0,0;0,0;0,0;0,0;0,0;0,0;0,0;5,0;0,0;0,0;0,0;16,0;0,0;0,0;0,0;0,0;0,0;0,0;0,0;1;1;1;1;1;1;1;1;1;1;1;1;1;1;1;1;1;1;1;1;1;1;1;1;1;1;1;1;1;1;1;
2249039;1;01/07/1953;1;12,2;15,5;20;2;1;1;0;1070,30004882812;1;0,0;0,0;0,0;0,0;0,0;0,0;0,0;0,0;0,0;3,3;0,0;0,0;0,0;0,0;0,0;0,0;0,0;0,0;0,0;12,2;0,0;0,0;0,0;0,0;0,0;0,0;0,0;0,0;0,0;0,0;0,0;1;1;1;1;1;1;1;1;1;1;1;1;1;1;1;1;1;1;1;1;1;1;1;1;1;1;1;1;1;1;1;
2249039;1;01/06/1953;1;18,8;19,1;10;2;1;1;0;1070,30004882812;1;0,0;0,0;0,0;0,0;0,0;0,0;0,0;0,0;0,3;18,8;0,0;0,0;0,0;0,0;0,0;0,0;0,0;0,0;0,0;0,0;0,0;0,0;0,0;0,0;0,0;0,0;0,0;0,0;0,0;0,0;;1;1;1;1;1;1;1;1;1;1;1;1;1;1;1;1;1;1;1;1;1;1;1;1;1;1;1;1;1;1;0;
2249039;1;01/05/1953;1;11,6;28,7;23;7;1;1;0;1070,30004882812;1;0,0;0,0;0,2;0,0;6,7;0,0;0,0;0,0;0,0;0,0;1,0;0,0;0,0;0,0;0,0;0,0;0,0;0,0;0,0;0,0;0,0;0,0;11,6;0,7;0,0;0,2;8,3;0,0;0,0;0,0;0,0;1;1;1;1;1;1;1;1;1;1;1;1;1;1;1;1;1;1;1;1;1;1;1;1;1;1;1;1;1;1;1;
2249039;1;01/04/1953;1;21,7;69,1;22;8;1;1;0;1070,30004882812;1;0,0;0,0;10,2;8,8;0,0;4,8;17,4;0,0;0,0;0,0;0,0;0,0;0,0;0,0;0,0;4,9;0,0;0,0;0,0;0,0;0,3;21,7;1,0;0,0;0,0;0,0;0,0;0,0;0,0;0,0;;1;1;1;1;1;1;1;1;1;1;1;1;1;1;1;1;1;1;1;1;1;1;1;1;1;1;1;1;1;1;0;
2249039;1;01/03/1953;1;30,0;109,0;1;15;1;1;0;1070,30004882812;1;30,0;5,8;0,0;0,0;0,0;0,0;0,0;0,0;0,0;8,2;0,0;16,2;0,0;0,0;0,0;15,0;1,9;0,0;0,0;0,5;0,0;4,1;10,4;0,1;2,2;1,4;1,2;2,7;9,3;0,0;0,0;1;1;1;1;1;1;1;1;1;1;1;1;1;1;1;1;1;1;1;1;1;1;1;1;1;1;1;1;1;1;1;
2249039;1;01/02/1953;1;60,0;217,5;14;13;1;1;0;1070,30004882812;1;12,2;3,0;3,8;0,0;0,0;0,0;0,0;0,0;0,0;0,7;15,0;19,7;0,0;60,0;45,0;0,0;0,0;0,0;0,0;1,7;0,0;0,0;1,0;28,0;26,0;0,0;1,4;0,0;;;;1;1;1;1;1;1;1;1;1;1;1;1;1;1;1;1;1;1;1;1;1;1;1;1;1;1;1;1;0;0;0;
2249039;1;01/01/1953;1;23,2;154,2;8;14;1;1;0;1070,30004882812;1;22,4;18,6;4,5;1,0;1,2;5,1;2,3;23,2;0,0;0,0;0,0;0,0;13,0;0,0;0,0;0,0;0,0;0,0;0,0;0,0;0,0;10,0;0,0;0,0;0,0;0,0;0,0;20,8;10,2;15,6;6,3;1;1;1;1;1;1;1;1;1;1;1;1;1;1;1;1;1;1;1;1;1;1;1;1;1;1;1;1;1;1;1;
